text,emotion
Worrying about the future is exhausting.,anxious
Life is amazing right now!,excited
I am so grateful for everything!,happy
I am really anxious about my exams.,anxious
Something big is happening soon!,excited
I am feeling great today!,happy
Life is amazing right now!,excited
I am feeling great today!,happy
Something big is happening soon!,excited
Feeling joyful and blessed.,happy
I can't wait for my vacation!,excited
Something big is happening soon!,excited
It's just another normal day.,neutral
I can't wait for my vacation!,excited
Just going through the motions.,neutral
"Too much pressure, I can't handle it!",stressed
Deadlines are killing me!,stressed
Worrying about the future is exhausting.,anxious
"Too much pressure, I can't handle it!",stressed
This is the best day of my life!,happy
My mind won't stop overthinking.,anxious
This is completely unfair!,angry
I am so grateful for everything!,happy
Just going through the motions.,neutral
My mind won't stop overthinking.,anxious
Just going through the motions.,neutral
I feel nervous all the time.,anxious
"Too much pressure, I can't handle it!",stressed
Feeling joyful and blessed.,happy
Something big is happening soon!,excited
I am feeling great today!,happy
I am feeling great today!,happy
This is completely unfair!,angry
This is completely unfair!,angry
Why do people always lie?,angry
Life is amazing right now!,excited
"Everything is fine, I guess.",neutral
My mind won't stop overthinking.,anxious
I am really anxious about my exams.,anxious
I hate when things don't go my way!,angry
Life is amazing right now!,excited
I am really anxious about my exams.,anxious
My workload is overwhelming.,stressed
Deadlines are killing me!,stressed
It's just another normal day.,neutral
So thrilled about this opportunity!,excited
I am so grateful for everything!,happy
Why do people always lie?,angry
This is completely unfair!,angry
Worrying about the future is exhausting.,anxious
I feel very sad and lonely.,sad
Deadlines are killing me!,stressed
Just going through the motions.,neutral
This is completely unfair!,angry
"Too much pressure, I can't handle it!",stressed
I feel nervous all the time.,anxious
"Everything is fine, I guess.",neutral
Why does everything go wrong?,sad
I feel nervous all the time.,anxious
It's just another normal day.,neutral
I feel nervous all the time.,anxious
I am so frustrated with this situation!,angry
I just want to be alone.,sad
I have nothing special to say.,neutral
Nothing feels good anymore.,sad
Just going through the motions.,neutral
I am so frustrated with this situation!,angry
Worrying about the future is exhausting.,anxious
I am so grateful for everything!,happy
Deadlines are killing me!,stressed
I just want to be alone.,sad
Why do people always lie?,angry
I hate when things don't go my way!,angry
I am so stressed about work.,stressed
My workload is overwhelming.,stressed
This is completely unfair!,angry
"Too much pressure, I can't handle it!",stressed
I feel very sad and lonely.,sad
Why does everything go wrong?,sad
I am so grateful for everything!,happy
I am feeling great today!,happy
This is completely unfair!,angry
Life is amazing right now!,excited
I am so frustrated with this situation!,angry
I am so frustrated with this situation!,angry
I am so grateful for everything!,happy
I feel very sad and lonely.,sad
Deadlines are killing me!,stressed
Just going through the motions.,neutral
Just going through the motions.,neutral
Life is amazing right now!,excited
I hate when things don't go my way!,angry
Deadlines are killing me!,stressed
Life is amazing right now!,excited
I am really anxious about my exams.,anxious
This is completely unfair!,angry
Deadlines are killing me!,stressed
So thrilled about this opportunity!,excited
So thrilled about this opportunity!,excited
I hate when things don't go my way!,angry
I feel very sad and lonely.,sad
My workload is overwhelming.,stressed
Something big is happening soon!,excited
My workload is overwhelming.,stressed
It's just another normal day.,neutral
So thrilled about this opportunity!,excited
My mind won't stop overthinking.,anxious
Why does everything go wrong?,sad
I have nothing special to say.,neutral
Deadlines are killing me!,stressed
Why does everything go wrong?,sad
I am feeling great today!,happy
This is the best day of my life!,happy
My mind won't stop overthinking.,anxious
"Too much pressure, I can't handle it!",stressed
It's just another normal day.,neutral
It's just another normal day.,neutral
I am so grateful for everything!,happy
Feeling joyful and blessed.,happy
I am really anxious about my exams.,anxious
This is the best day of my life!,happy
Why does everything go wrong?,sad
Deadlines are killing me!,stressed
It's just another normal day.,neutral
Feeling joyful and blessed.,happy
I have nothing special to say.,neutral
"Too much pressure, I can't handle it!",stressed
Nothing feels good anymore.,sad
"Too much pressure, I can't handle it!",stressed
I have nothing special to say.,neutral
I hate when things don't go my way!,angry
I feel nervous all the time.,anxious
I feel very sad and lonely.,sad
It's just another normal day.,neutral
I am feeling great today!,happy
I am so grateful for everything!,happy
I feel very sad and lonely.,sad
Just going through the motions.,neutral
I feel very sad and lonely.,sad
I have nothing special to say.,neutral
Just going through the motions.,neutral
I have nothing special to say.,neutral
"Everything is fine, I guess.",neutral
I have nothing special to say.,neutral
"Everything is fine, I guess.",neutral
I am really anxious about my exams.,anxious
Life is amazing right now!,excited
Deadlines are killing me!,stressed
I am so frustrated with this situation!,angry
I am feeling great today!,happy
"Everything is fine, I guess.",neutral
I am so grateful for everything!,happy
I am really anxious about my exams.,anxious
Feeling joyful and blessed.,happy
This is the best day of my life!,happy
Worrying about the future is exhausting.,anxious
I have nothing special to say.,neutral
I have nothing special to say.,neutral
So thrilled about this opportunity!,excited
Something big is happening soon!,excited
Deadlines are killing me!,stressed
It's just another normal day.,neutral
I am really anxious about my exams.,anxious
I am so stressed about work.,stressed
Feeling joyful and blessed.,happy
So thrilled about this opportunity!,excited
This is completely unfair!,angry
So thrilled about this opportunity!,excited
I just want to be alone.,sad
I am so stressed about work.,stressed
Why do people always lie?,angry
Nothing feels good anymore.,sad
This is completely unfair!,angry
So thrilled about this opportunity!,excited
Life is amazing right now!,excited
It's just another normal day.,neutral
I hate when things don't go my way!,angry
"Everything is fine, I guess.",neutral
Why does everything go wrong?,sad
So thrilled about this opportunity!,excited
Feeling joyful and blessed.,happy
This is completely unfair!,angry
"Everything is fine, I guess.",neutral
Something big is happening soon!,excited
I have nothing special to say.,neutral
It's just another normal day.,neutral
My workload is overwhelming.,stressed
I just want to be alone.,sad
It's just another normal day.,neutral
It's just another normal day.,neutral
I feel very sad and lonely.,sad
I am so frustrated with this situation!,angry
This is the best day of my life!,happy
I am feeling great today!,happy
Feeling joyful and blessed.,happy
This is the best day of my life!,happy
It's just another normal day.,neutral
"Too much pressure, I can't handle it!",stressed
I am really anxious about my exams.,anxious
This is completely unfair!,angry
Life is amazing right now!,excited
I hate when things don't go my way!,angry
My mind won't stop overthinking.,anxious
Feeling joyful and blessed.,happy
I feel very sad and lonely.,sad
Why does everything go wrong?,sad
Worrying about the future is exhausting.,anxious
I am so grateful for everything!,happy
Nothing feels good anymore.,sad
I am so grateful for everything!,happy
This is the best day of my life!,happy
This is the best day of my life!,happy
Life is amazing right now!,excited
This is the best day of my life!,happy
Why does everything go wrong?,sad
I hate when things don't go my way!,angry
My mind won't stop overthinking.,anxious
It's just another normal day.,neutral
I am feeling great today!,happy
My mind won't stop overthinking.,anxious
This is the best day of my life!,happy
Why do people always lie?,angry
Just going through the motions.,neutral
I am so frustrated with this situation!,angry
I hate when things don't go my way!,angry
This is completely unfair!,angry
Why do people always lie?,angry
This is completely unfair!,angry
Why do people always lie?,angry
Deadlines are killing me!,stressed
I can't wait for my vacation!,excited
I can't wait for my vacation!,excited
I am so frustrated with this situation!,angry
Something big is happening soon!,excited
I can't wait for my vacation!,excited
I can't wait for my vacation!,excited
I can't wait for my vacation!,excited
Why do people always lie?,angry
I hate when things don't go my way!,angry
I just want to be alone.,sad
Why do people always lie?,angry
I have nothing special to say.,neutral
"Everything is fine, I guess.",neutral
"Everything is fine, I guess.",neutral
Why do people always lie?,angry
I just want to be alone.,sad
I feel nervous all the time.,anxious
I am so frustrated with this situation!,angry
Life is amazing right now!,excited
So thrilled about this opportunity!,excited
This is completely unfair!,angry
This is the best day of my life!,happy
I feel nervous all the time.,anxious
I am so grateful for everything!,happy
So thrilled about this opportunity!,excited
I feel nervous all the time.,anxious
I feel nervous all the time.,anxious
I feel nervous all the time.,anxious
I just want to be alone.,sad
My mind won't stop overthinking.,anxious
Why does everything go wrong?,sad
Just going through the motions.,neutral
Life is amazing right now!,excited
I am so stressed about work.,stressed
Why do people always lie?,angry
I am feeling great today!,happy
Just going through the motions.,neutral
I have nothing special to say.,neutral
I am so stressed about work.,stressed
"Too much pressure, I can't handle it!",stressed
So thrilled about this opportunity!,excited
Life is amazing right now!,excited
So thrilled about this opportunity!,excited
"Too much pressure, I can't handle it!",stressed
"Everything is fine, I guess.",neutral
This is the best day of my life!,happy
I am so stressed about work.,stressed
I feel very sad and lonely.,sad
Something big is happening soon!,excited
It's just another normal day.,neutral
I am so frustrated with this situation!,angry
Nothing feels good anymore.,sad
My mind won't stop overthinking.,anxious
Nothing feels good anymore.,sad
My workload is overwhelming.,stressed
My mind won't stop overthinking.,anxious
This is the best day of my life!,happy
"Everything is fine, I guess.",neutral
I am so grateful for everything!,happy
I am so grateful for everything!,happy
I just want to be alone.,sad
My mind won't stop overthinking.,anxious
I feel nervous all the time.,anxious
I can't wait for my vacation!,excited
I feel nervous all the time.,anxious
I am so grateful for everything!,happy
I am really anxious about my exams.,anxious
"Everything is fine, I guess.",neutral
I feel nervous all the time.,anxious
This is the best day of my life!,happy
I feel very sad and lonely.,sad
Nothing feels good anymore.,sad
Nothing feels good anymore.,sad
Deadlines are killing me!,stressed
I have nothing special to say.,neutral
I hate when things don't go my way!,angry
I feel nervous all the time.,anxious
Why do people always lie?,angry
Why do people always lie?,angry
I am feeling great today!,happy
Worrying about the future is exhausting.,anxious
I am so frustrated with this situation!,angry
I feel nervous all the time.,anxious
Why does everything go wrong?,sad
Just going through the motions.,neutral
I have nothing special to say.,neutral
Why does everything go wrong?,sad
It's just another normal day.,neutral
Why do people always lie?,angry
I hate when things don't go my way!,angry
I just want to be alone.,sad
My workload is overwhelming.,stressed
Feeling joyful and blessed.,happy
Something big is happening soon!,excited
I am so frustrated with this situation!,angry
I am really anxious about my exams.,anxious
"Everything is fine, I guess.",neutral
I feel very sad and lonely.,sad
Worrying about the future is exhausting.,anxious
This is the best day of my life!,happy
I am so stressed about work.,stressed
I am so grateful for everything!,happy
Just going through the motions.,neutral
I am feeling great today!,happy
My workload is overwhelming.,stressed
I just want to be alone.,sad
My workload is overwhelming.,stressed
My workload is overwhelming.,stressed
I feel very sad and lonely.,sad
I am so grateful for everything!,happy
Life is amazing right now!,excited
I am feeling great today!,happy
This is completely unfair!,angry
Deadlines are killing me!,stressed
"Too much pressure, I can't handle it!",stressed
I feel very sad and lonely.,sad
It's just another normal day.,neutral
So thrilled about this opportunity!,excited
Nothing feels good anymore.,sad
Deadlines are killing me!,stressed
I am feeling great today!,happy
I am really anxious about my exams.,anxious
Just going through the motions.,neutral
I feel nervous all the time.,anxious
I have nothing special to say.,neutral
Why does everything go wrong?,sad
Life is amazing right now!,excited
I am so stressed about work.,stressed
I am so grateful for everything!,happy
I am so frustrated with this situation!,angry
My mind won't stop overthinking.,anxious
Why does everything go wrong?,sad
Deadlines are killing me!,stressed
So thrilled about this opportunity!,excited
I hate when things don't go my way!,angry
Why does everything go wrong?,sad
I hate when things don't go my way!,angry
I have nothing special to say.,neutral
I can't wait for my vacation!,excited
Something big is happening soon!,excited
Just going through the motions.,neutral
I feel nervous all the time.,anxious
I am really anxious about my exams.,anxious
I hate when things don't go my way!,angry
My mind won't stop overthinking.,anxious
I am so grateful for everything!,happy
Something big is happening soon!,excited
So thrilled about this opportunity!,excited
Something big is happening soon!,excited
I am so grateful for everything!,happy
I feel nervous all the time.,anxious
Why does everything go wrong?,sad
I have nothing special to say.,neutral
Just going through the motions.,neutral
Something big is happening soon!,excited
I just want to be alone.,sad
This is completely unfair!,angry
"Everything is fine, I guess.",neutral
So thrilled about this opportunity!,excited
I am so stressed about work.,stressed
I can't wait for my vacation!,excited
I feel nervous all the time.,anxious
Something big is happening soon!,excited
Life is amazing right now!,excited
I am so grateful for everything!,happy
I can't wait for my vacation!,excited
So thrilled about this opportunity!,excited
Feeling joyful and blessed.,happy
Life is amazing right now!,excited
Why do people always lie?,angry
Just going through the motions.,neutral
I feel nervous all the time.,anxious
So thrilled about this opportunity!,excited
I hate when things don't go my way!,angry
Worrying about the future is exhausting.,anxious
This is completely unfair!,angry
I am really anxious about my exams.,anxious
So thrilled about this opportunity!,excited
I am so grateful for everything!,happy
Feeling joyful and blessed.,happy
Feeling joyful and blessed.,happy
I can't wait for my vacation!,excited
It's just another normal day.,neutral
I have nothing special to say.,neutral
"Everything is fine, I guess.",neutral
Worrying about the future is exhausting.,anxious
Deadlines are killing me!,stressed
Just going through the motions.,neutral
"Everything is fine, I guess.",neutral
I feel very sad and lonely.,sad
I am so grateful for everything!,happy
I hate when things don't go my way!,angry
Feeling joyful and blessed.,happy
This is the best day of my life!,happy
I am really anxious about my exams.,anxious
"Too much pressure, I can't handle it!",stressed
I am so grateful for everything!,happy
Why do people always lie?,angry
I feel very sad and lonely.,sad
I just want to be alone.,sad
I can't wait for my vacation!,excited
Something big is happening soon!,excited
Just going through the motions.,neutral
"Too much pressure, I can't handle it!",stressed
I hate when things don't go my way!,angry
I hate when things don't go my way!,angry
I can't wait for my vacation!,excited
Just going through the motions.,neutral
I can't wait for my vacation!,excited
Why does everything go wrong?,sad
Life is amazing right now!,excited
I am so frustrated with this situation!,angry
I feel nervous all the time.,anxious
I hate when things don't go my way!,angry
I feel nervous all the time.,anxious
So thrilled about this opportunity!,excited
I feel nervous all the time.,anxious
My workload is overwhelming.,stressed
I hate when things don't go my way!,angry
I hate when things don't go my way!,angry
Worrying about the future is exhausting.,anxious
My workload is overwhelming.,stressed
I feel nervous all the time.,anxious
"Everything is fine, I guess.",neutral
So thrilled about this opportunity!,excited
Nothing feels good anymore.,sad
My mind won't stop overthinking.,anxious
Why does everything go wrong?,sad
Deadlines are killing me!,stressed
This is the best day of my life!,happy
I have nothing special to say.,neutral
Life is amazing right now!,excited
Just going through the motions.,neutral
I am really anxious about my exams.,anxious
I just want to be alone.,sad
I can't wait for my vacation!,excited
So thrilled about this opportunity!,excited
I feel nervous all the time.,anxious
I hate when things don't go my way!,angry
My mind won't stop overthinking.,anxious
Feeling joyful and blessed.,happy
Worrying about the future is exhausting.,anxious
"Everything is fine, I guess.",neutral
"Too much pressure, I can't handle it!",stressed
I have nothing special to say.,neutral
I am so frustrated with this situation!,angry
I feel nervous all the time.,anxious
I am so grateful for everything!,happy
Worrying about the future is exhausting.,anxious
This is the best day of my life!,happy
This is the best day of my life!,happy
I am so stressed about work.,stressed
It's just another normal day.,neutral
I am really anxious about my exams.,anxious
Worrying about the future is exhausting.,anxious
Feeling joyful and blessed.,happy
Nothing feels good anymore.,sad
"Too much pressure, I can't handle it!",stressed
I hate when things don't go my way!,angry
I feel very sad and lonely.,sad
I am feeling great today!,happy
"Everything is fine, I guess.",neutral
Worrying about the future is exhausting.,anxious
I am so frustrated with this situation!,angry
It's just another normal day.,neutral
"Too much pressure, I can't handle it!",stressed
"Everything is fine, I guess.",neutral
I am really anxious about my exams.,anxious
I have nothing special to say.,neutral
I feel nervous all the time.,anxious
Why does everything go wrong?,sad
Just going through the motions.,neutral
"Too much pressure, I can't handle it!",stressed
Life is amazing right now!,excited
"Everything is fine, I guess.",neutral
I am so frustrated with this situation!,angry
Worrying about the future is exhausting.,anxious
So thrilled about this opportunity!,excited
Just going through the motions.,neutral
I am so frustrated with this situation!,angry
Why do people always lie?,angry
Why does everything go wrong?,sad
Life is amazing right now!,excited
I am feeling great today!,happy
"Too much pressure, I can't handle it!",stressed
I just want to be alone.,sad
I am really anxious about my exams.,anxious
I am feeling great today!,happy
I feel nervous all the time.,anxious
Life is amazing right now!,excited
Worrying about the future is exhausting.,anxious
I just want to be alone.,sad
Worrying about the future is exhausting.,anxious
Why does everything go wrong?,sad
Worrying about the future is exhausting.,anxious
Life is amazing right now!,excited
Just going through the motions.,neutral
Why do people always lie?,angry
This is the best day of my life!,happy
I feel nervous all the time.,anxious
I have nothing special to say.,neutral
"Everything is fine, I guess.",neutral
"Everything is fine, I guess.",neutral
I am so stressed about work.,stressed
Something big is happening soon!,excited
I am so stressed about work.,stressed
I can't wait for my vacation!,excited
I am feeling great today!,happy
I feel very sad and lonely.,sad
My workload is overwhelming.,stressed
This is the best day of my life!,happy
"Everything is fine, I guess.",neutral
I am so frustrated with this situation!,angry
I am really anxious about my exams.,anxious
My mind won't stop overthinking.,anxious
Just going through the motions.,neutral
Why does everything go wrong?,sad
"Too much pressure, I can't handle it!",stressed
Worrying about the future is exhausting.,anxious
I can't wait for my vacation!,excited
Worrying about the future is exhausting.,anxious
Deadlines are killing me!,stressed
I hate when things don't go my way!,angry
I am so frustrated with this situation!,angry
Just going through the motions.,neutral
Just going through the motions.,neutral
I am so stressed about work.,stressed
It's just another normal day.,neutral
This is completely unfair!,angry
I hate when things don't go my way!,angry
This is the best day of my life!,happy
I am so grateful for everything!,happy
My mind won't stop overthinking.,anxious
I can't wait for my vacation!,excited
Why does everything go wrong?,sad
"Too much pressure, I can't handle it!",stressed
So thrilled about this opportunity!,excited
This is completely unfair!,angry
Feeling joyful and blessed.,happy
Deadlines are killing me!,stressed
So thrilled about this opportunity!,excited
I am so stressed about work.,stressed
Why does everything go wrong?,sad
This is the best day of my life!,happy
I am so grateful for everything!,happy
Something big is happening soon!,excited
"Too much pressure, I can't handle it!",stressed
So thrilled about this opportunity!,excited
My workload is overwhelming.,stressed
I just want to be alone.,sad
My mind won't stop overthinking.,anxious
I am so grateful for everything!,happy
I can't wait for my vacation!,excited
Life is amazing right now!,excited
I can't wait for my vacation!,excited
My workload is overwhelming.,stressed
I have nothing special to say.,neutral
My workload is overwhelming.,stressed
Just going through the motions.,neutral
I am so frustrated with this situation!,angry
I can't wait for my vacation!,excited
I have nothing special to say.,neutral
I feel nervous all the time.,anxious
Why does everything go wrong?,sad
Feeling joyful and blessed.,happy
Feeling joyful and blessed.,happy
I hate when things don't go my way!,angry
I hate when things don't go my way!,angry
Why do people always lie?,angry
Feeling joyful and blessed.,happy
Feeling joyful and blessed.,happy
I am feeling great today!,happy
I am feeling great today!,happy
I can't wait for my vacation!,excited
Why does everything go wrong?,sad
This is the best day of my life!,happy
I am so frustrated with this situation!,angry
My workload is overwhelming.,stressed
"Too much pressure, I can't handle it!",stressed
Just going through the motions.,neutral
This is completely unfair!,angry
I am so grateful for everything!,happy
Just going through the motions.,neutral
Deadlines are killing me!,stressed
I can't wait for my vacation!,excited
This is completely unfair!,angry
I am really anxious about my exams.,anxious
I can't wait for my vacation!,excited
Just going through the motions.,neutral
It's just another normal day.,neutral
Something big is happening soon!,excited
Feeling joyful and blessed.,happy
Worrying about the future is exhausting.,anxious
It's just another normal day.,neutral
Deadlines are killing me!,stressed
"Everything is fine, I guess.",neutral
I am so grateful for everything!,happy
Something big is happening soon!,excited
I am so frustrated with this situation!,angry
It's just another normal day.,neutral
Worrying about the future is exhausting.,anxious
I can't wait for my vacation!,excited
Feeling joyful and blessed.,happy
Feeling joyful and blessed.,happy
I feel very sad and lonely.,sad
I feel very sad and lonely.,sad
I am so grateful for everything!,happy
Why does everything go wrong?,sad
This is the best day of my life!,happy
Nothing feels good anymore.,sad
I feel very sad and lonely.,sad
My workload is overwhelming.,stressed
It's just another normal day.,neutral
Why do people always lie?,angry
I am so frustrated with this situation!,angry
I am so frustrated with this situation!,angry
Why do people always lie?,angry
Why do people always lie?,angry
I can't wait for my vacation!,excited
Deadlines are killing me!,stressed
I feel very sad and lonely.,sad
I feel nervous all the time.,anxious
"Too much pressure, I can't handle it!",stressed
Deadlines are killing me!,stressed
Just going through the motions.,neutral
Nothing feels good anymore.,sad
This is the best day of my life!,happy
I am really anxious about my exams.,anxious
Just going through the motions.,neutral
"Everything is fine, I guess.",neutral
I hate when things don't go my way!,angry
Just going through the motions.,neutral
My mind won't stop overthinking.,anxious
This is the best day of my life!,happy
This is completely unfair!,angry
Just going through the motions.,neutral
Just going through the motions.,neutral
Nothing feels good anymore.,sad
This is completely unfair!,angry
I feel nervous all the time.,anxious
Life is amazing right now!,excited
Why do people always lie?,angry
I hate when things don't go my way!,angry
Feeling joyful and blessed.,happy
"Too much pressure, I can't handle it!",stressed
I just want to be alone.,sad
Feeling joyful and blessed.,happy
My workload is overwhelming.,stressed
I am so stressed about work.,stressed
Worrying about the future is exhausting.,anxious
Nothing feels good anymore.,sad
Why does everything go wrong?,sad
I am so grateful for everything!,happy
My mind won't stop overthinking.,anxious
This is the best day of my life!,happy
My workload is overwhelming.,stressed
I can't wait for my vacation!,excited
This is completely unfair!,angry
I just want to be alone.,sad
My workload is overwhelming.,stressed
So thrilled about this opportunity!,excited
Deadlines are killing me!,stressed
Nothing feels good anymore.,sad
Nothing feels good anymore.,sad
Feeling joyful and blessed.,happy
Why does everything go wrong?,sad
Life is amazing right now!,excited
I am so grateful for everything!,happy
I hate when things don't go my way!,angry
I am feeling great today!,happy
I just want to be alone.,sad
Why do people always lie?,angry
It's just another normal day.,neutral
I am so stressed about work.,stressed
Just going through the motions.,neutral
Life is amazing right now!,excited
This is the best day of my life!,happy
Feeling joyful and blessed.,happy
I can't wait for my vacation!,excited
Something big is happening soon!,excited
I am so stressed about work.,stressed
Feeling joyful and blessed.,happy
Deadlines are killing me!,stressed
I am so frustrated with this situation!,angry
So thrilled about this opportunity!,excited
I hate when things don't go my way!,angry
Feeling joyful and blessed.,happy
This is the best day of my life!,happy
I can't wait for my vacation!,excited
I have nothing special to say.,neutral
Deadlines are killing me!,stressed
I can't wait for my vacation!,excited
Why does everything go wrong?,sad
I am so frustrated with this situation!,angry
Deadlines are killing me!,stressed
Something big is happening soon!,excited
Worrying about the future is exhausting.,anxious
I have nothing special to say.,neutral
"Everything is fine, I guess.",neutral
"Too much pressure, I can't handle it!",stressed
"Everything is fine, I guess.",neutral
This is the best day of my life!,happy
My workload is overwhelming.,stressed
Why does everything go wrong?,sad
"Everything is fine, I guess.",neutral
This is completely unfair!,angry
Something big is happening soon!,excited
I hate when things don't go my way!,angry
This is completely unfair!,angry
Deadlines are killing me!,stressed
I can't wait for my vacation!,excited
Life is amazing right now!,excited
I am so grateful for everything!,happy
Something big is happening soon!,excited
Feeling joyful and blessed.,happy
Worrying about the future is exhausting.,anxious
Deadlines are killing me!,stressed
It's just another normal day.,neutral
I am feeling great today!,happy
Something big is happening soon!,excited
I am feeling great today!,happy
It's just another normal day.,neutral
Nothing feels good anymore.,sad
I am so frustrated with this situation!,angry
I am feeling great today!,happy
Just going through the motions.,neutral
Just going through the motions.,neutral
I am really anxious about my exams.,anxious
My mind won't stop overthinking.,anxious
My workload is overwhelming.,stressed
This is completely unfair!,angry
My workload is overwhelming.,stressed
This is completely unfair!,angry
This is completely unfair!,angry
I hate when things don't go my way!,angry
My workload is overwhelming.,stressed
Something big is happening soon!,excited
This is the best day of my life!,happy
I am so stressed about work.,stressed
I am so stressed about work.,stressed
I hate when things don't go my way!,angry
I have nothing special to say.,neutral
I just want to be alone.,sad
I am feeling great today!,happy
Why does everything go wrong?,sad
Just going through the motions.,neutral
Feeling joyful and blessed.,happy
I feel nervous all the time.,anxious
I feel nervous all the time.,anxious
I just want to be alone.,sad
Just going through the motions.,neutral
Just going through the motions.,neutral
Just going through the motions.,neutral
Deadlines are killing me!,stressed
"Everything is fine, I guess.",neutral
This is completely unfair!,angry
I am really anxious about my exams.,anxious
I am really anxious about my exams.,anxious
Just going through the motions.,neutral
"Everything is fine, I guess.",neutral
It's just another normal day.,neutral
My mind won't stop overthinking.,anxious
This is completely unfair!,angry
Worrying about the future is exhausting.,anxious
Life is amazing right now!,excited
Life is amazing right now!,excited
I am so stressed about work.,stressed
I hate when things don't go my way!,angry
I am so frustrated with this situation!,angry
"Too much pressure, I can't handle it!",stressed
Just going through the motions.,neutral
"Everything is fine, I guess.",neutral
Worrying about the future is exhausting.,anxious
I have nothing special to say.,neutral
Deadlines are killing me!,stressed
I am so frustrated with this situation!,angry
It's just another normal day.,neutral
Life is amazing right now!,excited
I am so grateful for everything!,happy
I am feeling great today!,happy
Life is amazing right now!,excited
I have nothing special to say.,neutral
I am so grateful for everything!,happy
I have nothing special to say.,neutral
I have nothing special to say.,neutral
I am so stressed about work.,stressed
I am really anxious about my exams.,anxious
I feel nervous all the time.,anxious
I am so grateful for everything!,happy
My workload is overwhelming.,stressed
Why does everything go wrong?,sad
My workload is overwhelming.,stressed
Why does everything go wrong?,sad
I am feeling great today!,happy
Why does everything go wrong?,sad
I am feeling great today!,happy
I am so stressed about work.,stressed
This is completely unfair!,angry
Feeling joyful and blessed.,happy
I am so frustrated with this situation!,angry
I feel very sad and lonely.,sad
I am so frustrated with this situation!,angry
Why does everything go wrong?,sad
I can't wait for my vacation!,excited
Why do people always lie?,angry
This is completely unfair!,angry
My workload is overwhelming.,stressed
I hate when things don't go my way!,angry
I am feeling great today!,happy
I just want to be alone.,sad
This is completely unfair!,angry
This is completely unfair!,angry
This is the best day of my life!,happy
This is the best day of my life!,happy
I feel very sad and lonely.,sad
I am so grateful for everything!,happy
This is the best day of my life!,happy
Just going through the motions.,neutral
Worrying about the future is exhausting.,anxious
I just want to be alone.,sad
Why do people always lie?,angry
Worrying about the future is exhausting.,anxious
I am feeling great today!,happy
I am really anxious about my exams.,anxious
I can't wait for my vacation!,excited
It's just another normal day.,neutral
I am so grateful for everything!,happy
"Everything is fine, I guess.",neutral
I am really anxious about my exams.,anxious
Nothing feels good anymore.,sad
Why do people always lie?,angry
I feel very sad and lonely.,sad
"Too much pressure, I can't handle it!",stressed
Why do people always lie?,angry
I hate when things don't go my way!,angry
I just want to be alone.,sad
"Everything is fine, I guess.",neutral
I feel nervous all the time.,anxious
I have nothing special to say.,neutral
I am feeling great today!,happy
I can't wait for my vacation!,excited
I am really anxious about my exams.,anxious
Why does everything go wrong?,sad
My mind won't stop overthinking.,anxious
So thrilled about this opportunity!,excited
"Too much pressure, I can't handle it!",stressed
This is completely unfair!,angry
This is the best day of my life!,happy
I have nothing special to say.,neutral
Deadlines are killing me!,stressed
It's just another normal day.,neutral
"Everything is fine, I guess.",neutral
Worrying about the future is exhausting.,anxious
I hate when things don't go my way!,angry
It's just another normal day.,neutral
"Everything is fine, I guess.",neutral
Life is amazing right now!,excited
So thrilled about this opportunity!,excited
Worrying about the future is exhausting.,anxious
Nothing feels good anymore.,sad
This is the best day of my life!,happy
I hate when things don't go my way!,angry
It's just another normal day.,neutral
My workload is overwhelming.,stressed
Deadlines are killing me!,stressed
Feeling joyful and blessed.,happy
Deadlines are killing me!,stressed
Deadlines are killing me!,stressed
Something big is happening soon!,excited
Feeling joyful and blessed.,happy
I have nothing special to say.,neutral
I can't wait for my vacation!,excited
I just want to be alone.,sad
I feel nervous all the time.,anxious
I can't wait for my vacation!,excited
I am so stressed about work.,stressed
My workload is overwhelming.,stressed
Why does everything go wrong?,sad
My workload is overwhelming.,stressed
I have nothing special to say.,neutral
This is completely unfair!,angry
My mind won't stop overthinking.,anxious
I am so grateful for everything!,happy
I am so frustrated with this situation!,angry
This is the best day of my life!,happy
This is the best day of my life!,happy
It's just another normal day.,neutral
Deadlines are killing me!,stressed
"Everything is fine, I guess.",neutral
I just want to be alone.,sad
Life is amazing right now!,excited
Something big is happening soon!,excited
This is completely unfair!,angry
I just want to be alone.,sad
I can't wait for my vacation!,excited
I feel nervous all the time.,anxious
"Too much pressure, I can't handle it!",stressed
I feel very sad and lonely.,sad
Life is amazing right now!,excited
This is the best day of my life!,happy
I am so stressed about work.,stressed
I have nothing special to say.,neutral
Worrying about the future is exhausting.,anxious
"Too much pressure, I can't handle it!",stressed
I am feeling great today!,happy
I can't wait for my vacation!,excited
I am really anxious about my exams.,anxious
Worrying about the future is exhausting.,anxious
Why does everything go wrong?,sad
I feel very sad and lonely.,sad
I hate when things don't go my way!,angry
My mind won't stop overthinking.,anxious
Just going through the motions.,neutral
I just want to be alone.,sad
I am feeling great today!,happy
It's just another normal day.,neutral
This is completely unfair!,angry
My workload is overwhelming.,stressed
Deadlines are killing me!,stressed
I just want to be alone.,sad
I am so stressed about work.,stressed
Something big is happening soon!,excited
Why do people always lie?,angry
Something big is happening soon!,excited
Life is amazing right now!,excited
I am so frustrated with this situation!,angry
I have nothing special to say.,neutral
So thrilled about this opportunity!,excited
This is the best day of my life!,happy
Nothing feels good anymore.,sad
I feel very sad and lonely.,sad
I can't wait for my vacation!,excited
"Too much pressure, I can't handle it!",stressed
This is completely unfair!,angry
I can't wait for my vacation!,excited
Why does everything go wrong?,sad
Feeling joyful and blessed.,happy
Why do people always lie?,angry
Nothing feels good anymore.,sad
"Everything is fine, I guess.",neutral
Why do people always lie?,angry
I hate when things don't go my way!,angry
My mind won't stop overthinking.,anxious
I feel very sad and lonely.,sad
I have nothing special to say.,neutral
I feel very sad and lonely.,sad
Worrying about the future is exhausting.,anxious
Nothing feels good anymore.,sad
I am so stressed about work.,stressed
I hate when things don't go my way!,angry
So thrilled about this opportunity!,excited
"Too much pressure, I can't handle it!",stressed
So thrilled about this opportunity!,excited
Just going through the motions.,neutral
I am so stressed about work.,stressed
This is the best day of my life!,happy
My workload is overwhelming.,stressed
I am really anxious about my exams.,anxious
My workload is overwhelming.,stressed
I am feeling great today!,happy
I just want to be alone.,sad
Deadlines are killing me!,stressed
I am so grateful for everything!,happy
I hate when things don't go my way!,angry
Nothing feels good anymore.,sad
I am feeling great today!,happy
I hate when things don't go my way!,angry
Why do people always lie?,angry
So thrilled about this opportunity!,excited
This is completely unfair!,angry
My workload is overwhelming.,stressed
Just going through the motions.,neutral
I feel very sad and lonely.,sad
I am so stressed about work.,stressed
Something big is happening soon!,excited
I feel very sad and lonely.,sad
I feel nervous all the time.,anxious
I am so stressed about work.,stressed
I am so grateful for everything!,happy
I am really anxious about my exams.,anxious
I just want to be alone.,sad
I have nothing special to say.,neutral
"Too much pressure, I can't handle it!",stressed
"Too much pressure, I can't handle it!",stressed
Something big is happening soon!,excited
I feel nervous all the time.,anxious
So thrilled about this opportunity!,excited
I can't wait for my vacation!,excited
My workload is overwhelming.,stressed
This is the best day of my life!,happy
"Everything is fine, I guess.",neutral
I am really anxious about my exams.,anxious
So thrilled about this opportunity!,excited
So thrilled about this opportunity!,excited
So thrilled about this opportunity!,excited
I am really anxious about my exams.,anxious
I am feeling great today!,happy
Nothing feels good anymore.,sad
Something big is happening soon!,excited
Deadlines are killing me!,stressed
"Everything is fine, I guess.",neutral
I just want to be alone.,sad
I just want to be alone.,sad
I just want to be alone.,sad
Feeling joyful and blessed.,happy
Why does everything go wrong?,sad
I feel very sad and lonely.,sad
Feeling joyful and blessed.,happy
This is the best day of my life!,happy
I am so stressed about work.,stressed
Something big is happening soon!,excited
I feel very sad and lonely.,sad
I am really anxious about my exams.,anxious
I am so frustrated with this situation!,angry
Deadlines are killing me!,stressed
I feel nervous all the time.,anxious
Worrying about the future is exhausting.,anxious
Life is amazing right now!,excited
I feel very sad and lonely.,sad
I am so grateful for everything!,happy
Feeling joyful and blessed.,happy
I am really anxious about my exams.,anxious
Life is amazing right now!,excited
I am so frustrated with this situation!,angry
Feeling joyful and blessed.,happy
I am feeling great today!,happy
"Too much pressure, I can't handle it!",stressed
Worrying about the future is exhausting.,anxious
I feel very sad and lonely.,sad
I feel nervous all the time.,anxious
I am so frustrated with this situation!,angry
My workload is overwhelming.,stressed
"Too much pressure, I can't handle it!",stressed
I can't wait for my vacation!,excited
"Everything is fine, I guess.",neutral
"Too much pressure, I can't handle it!",stressed
Worrying about the future is exhausting.,anxious
I am really anxious about my exams.,anxious
My workload is overwhelming.,stressed
My workload is overwhelming.,stressed
I am feeling great today!,happy
I feel nervous all the time.,anxious
This is completely unfair!,angry
Deadlines are killing me!,stressed
"Everything is fine, I guess.",neutral
I feel very sad and lonely.,sad
I just want to be alone.,sad
I can't wait for my vacation!,excited
I am really anxious about my exams.,anxious
"Too much pressure, I can't handle it!",stressed
I am feeling great today!,happy
Deadlines are killing me!,stressed
Worrying about the future is exhausting.,anxious
Why do people always lie?,angry
I am so frustrated with this situation!,angry
Just going through the motions.,neutral
Deadlines are killing me!,stressed
I just want to be alone.,sad
This is the best day of my life!,happy
I can't wait for my vacation!,excited
Just going through the motions.,neutral
Why do people always lie?,angry
"Everything is fine, I guess.",neutral
So thrilled about this opportunity!,excited
Just going through the motions.,neutral
My mind won't stop overthinking.,anxious
I hate when things don't go my way!,angry
I am really anxious about my exams.,anxious
I have nothing special to say.,neutral
I am feeling great today!,happy
I am really anxious about my exams.,anxious
I am so stressed about work.,stressed
I am really anxious about my exams.,anxious
I am really anxious about my exams.,anxious
Worrying about the future is exhausting.,anxious
Why does everything go wrong?,sad
I am so frustrated with this situation!,angry
Feeling joyful and blessed.,happy
I am so frustrated with this situation!,angry
I am so frustrated with this situation!,angry
My workload is overwhelming.,stressed
Why does everything go wrong?,sad
I feel nervous all the time.,anxious
My mind won't stop overthinking.,anxious
I am so frustrated with this situation!,angry
I feel very sad and lonely.,sad
I am feeling great today!,happy
I feel very sad and lonely.,sad
Something big is happening soon!,excited
"Too much pressure, I can't handle it!",stressed
Why do people always lie?,angry
So thrilled about this opportunity!,excited
My mind won't stop overthinking.,anxious
I hate when things don't go my way!,angry
Something big is happening soon!,excited
I am so stressed about work.,stressed
I am so frustrated with this situation!,angry
I am so grateful for everything!,happy
I am really anxious about my exams.,anxious
This is completely unfair!,angry
So thrilled about this opportunity!,excited
I feel very sad and lonely.,sad
I have nothing special to say.,neutral
So thrilled about this opportunity!,excited
I am really anxious about my exams.,anxious
"Too much pressure, I can't handle it!",stressed
I am so stressed about work.,stressed
Life is amazing right now!,excited
I am feeling great today!,happy
Just going through the motions.,neutral
Worrying about the future is exhausting.,anxious
Why does everything go wrong?,sad
I am so frustrated with this situation!,angry
My mind won't stop overthinking.,anxious
Feeling joyful and blessed.,happy
This is completely unfair!,angry
I feel very sad and lonely.,sad
Deadlines are killing me!,stressed
I just want to be alone.,sad
Life is amazing right now!,excited
I am so grateful for everything!,happy
I hate when things don't go my way!,angry
My workload is overwhelming.,stressed
"Too much pressure, I can't handle it!",stressed
I feel nervous all the time.,anxious
"Everything is fine, I guess.",neutral
I am so frustrated with this situation!,angry
"Everything is fine, I guess.",neutral
I am so frustrated with this situation!,angry
Worrying about the future is exhausting.,anxious
Why does everything go wrong?,sad
I have nothing special to say.,neutral
Just going through the motions.,neutral
Why does everything go wrong?,sad
I feel nervous all the time.,anxious
I am really anxious about my exams.,anxious
Why do people always lie?,angry
"Too much pressure, I can't handle it!",stressed
I hate when things don't go my way!,angry
This is completely unfair!,angry
Why do people always lie?,angry
This is completely unfair!,angry
So thrilled about this opportunity!,excited
Nothing feels good anymore.,sad
I am feeling great today!,happy
I hate when things don't go my way!,angry
I just want to be alone.,sad
I am really anxious about my exams.,anxious
"Everything is fine, I guess.",neutral
Just going through the motions.,neutral
My workload is overwhelming.,stressed
I have nothing special to say.,neutral
Why does everything go wrong?,sad
Worrying about the future is exhausting.,anxious
I feel very sad and lonely.,sad
I am so grateful for everything!,happy
I am so stressed about work.,stressed
Why do people always lie?,angry
So thrilled about this opportunity!,excited
So thrilled about this opportunity!,excited
My workload is overwhelming.,stressed
My mind won't stop overthinking.,anxious
I feel very sad and lonely.,sad
Why does everything go wrong?,sad
I have nothing special to say.,neutral
Worrying about the future is exhausting.,anxious
Deadlines are killing me!,stressed
My workload is overwhelming.,stressed
Just going through the motions.,neutral
"Everything is fine, I guess.",neutral
I am really anxious about my exams.,anxious
I am so stressed about work.,stressed
Worrying about the future is exhausting.,anxious
I am so grateful for everything!,happy
Just going through the motions.,neutral
"Everything is fine, I guess.",neutral
I feel nervous all the time.,anxious
So thrilled about this opportunity!,excited
Life is amazing right now!,excited
"Everything is fine, I guess.",neutral
"Everything is fine, I guess.",neutral
So thrilled about this opportunity!,excited
My workload is overwhelming.,stressed
Why does everything go wrong?,sad
"Everything is fine, I guess.",neutral
I am feeling great today!,happy
This is completely unfair!,angry
Life is amazing right now!,excited
Why do people always lie?,angry
I am so frustrated with this situation!,angry
I feel very sad and lonely.,sad
Feeling joyful and blessed.,happy
I am so grateful for everything!,happy
Deadlines are killing me!,stressed
I am so grateful for everything!,happy
"Too much pressure, I can't handle it!",stressed
I can't wait for my vacation!,excited
I feel nervous all the time.,anxious
Life is amazing right now!,excited
I can't wait for my vacation!,excited
I feel very sad and lonely.,sad
Nothing feels good anymore.,sad
This is completely unfair!,angry
"Too much pressure, I can't handle it!",stressed
My workload is overwhelming.,stressed
It's just another normal day.,neutral
I have nothing special to say.,neutral
I just want to be alone.,sad
"Too much pressure, I can't handle it!",stressed
I can't wait for my vacation!,excited
It's just another normal day.,neutral
I am really anxious about my exams.,anxious
Feeling joyful and blessed.,happy
So thrilled about this opportunity!,excited
I can't wait for my vacation!,excited
I can't wait for my vacation!,excited
Feeling joyful and blessed.,happy
Just going through the motions.,neutral
I hate when things don't go my way!,angry
I have nothing special to say.,neutral
"Everything is fine, I guess.",neutral
Deadlines are killing me!,stressed
I just want to be alone.,sad
"Too much pressure, I can't handle it!",stressed
This is the best day of my life!,happy
Worrying about the future is exhausting.,anxious
I am so grateful for everything!,happy
Just going through the motions.,neutral
I am feeling great today!,happy
Feeling joyful and blessed.,happy
I am so stressed about work.,stressed
So thrilled about this opportunity!,excited
I feel nervous all the time.,anxious
My workload is overwhelming.,stressed
I am feeling great today!,happy
My mind won't stop overthinking.,anxious
This is completely unfair!,angry
I am so frustrated with this situation!,angry
I just want to be alone.,sad
This is completely unfair!,angry
I feel very sad and lonely.,sad
"Everything is fine, I guess.",neutral
I have nothing special to say.,neutral
I can't wait for my vacation!,excited
It's just another normal day.,neutral
My mind won't stop overthinking.,anxious
This is the best day of my life!,happy
"Everything is fine, I guess.",neutral
Just going through the motions.,neutral
Life is amazing right now!,excited
I am feeling great today!,happy
I can't wait for my vacation!,excited
I am so grateful for everything!,happy
Just going through the motions.,neutral
Nothing feels good anymore.,sad
I feel nervous all the time.,anxious
"Too much pressure, I can't handle it!",stressed
"Everything is fine, I guess.",neutral
Feeling joyful and blessed.,happy
My mind won't stop overthinking.,anxious
I am so stressed about work.,stressed
Just going through the motions.,neutral
My workload is overwhelming.,stressed
I hate when things don't go my way!,angry
I am feeling great today!,happy
Nothing feels good anymore.,sad
It's just another normal day.,neutral
Feeling joyful and blessed.,happy
I feel nervous all the time.,anxious
I am so grateful for everything!,happy
I have nothing special to say.,neutral
I feel nervous all the time.,anxious
I feel very sad and lonely.,sad
Life is amazing right now!,excited
I just want to be alone.,sad
This is completely unfair!,angry
Worrying about the future is exhausting.,anxious
I am really anxious about my exams.,anxious
I hate when things don't go my way!,angry
I am so stressed about work.,stressed
"Everything is fine, I guess.",neutral
I feel nervous all the time.,anxious
I am feeling great today!,happy
I have nothing special to say.,neutral
My workload is overwhelming.,stressed
I feel very sad and lonely.,sad
Just going through the motions.,neutral
I just want to be alone.,sad
My mind won't stop overthinking.,anxious
I have nothing special to say.,neutral
It's just another normal day.,neutral
This is the best day of my life!,happy
This is completely unfair!,angry
I am really anxious about my exams.,anxious
Something big is happening soon!,excited
Feeling joyful and blessed.,happy
Life is amazing right now!,excited
Why does everything go wrong?,sad
Deadlines are killing me!,stressed
Just going through the motions.,neutral
I feel very sad and lonely.,sad
My mind won't stop overthinking.,anxious
I am so frustrated with this situation!,angry
Why do people always lie?,angry
Worrying about the future is exhausting.,anxious
I am feeling great today!,happy
I am really anxious about my exams.,anxious
This is completely unfair!,angry
I am really anxious about my exams.,anxious
Deadlines are killing me!,stressed
I just want to be alone.,sad
Just going through the motions.,neutral
I hate when things don't go my way!,angry
Deadlines are killing me!,stressed
Life is amazing right now!,excited
Life is amazing right now!,excited
Feeling joyful and blessed.,happy
I feel nervous all the time.,anxious
Life is amazing right now!,excited
My mind won't stop overthinking.,anxious
Deadlines are killing me!,stressed
I have nothing special to say.,neutral
I have nothing special to say.,neutral
"Too much pressure, I can't handle it!",stressed
Worrying about the future is exhausting.,anxious
I am so grateful for everything!,happy
I am really anxious about my exams.,anxious
Something big is happening soon!,excited
Why does everything go wrong?,sad
I am so grateful for everything!,happy
Why does everything go wrong?,sad
Feeling joyful and blessed.,happy
"Everything is fine, I guess.",neutral
I just want to be alone.,sad
Worrying about the future is exhausting.,anxious
Worrying about the future is exhausting.,anxious
Why does everything go wrong?,sad
I feel nervous all the time.,anxious
I am so stressed about work.,stressed
This is completely unfair!,angry
Nothing feels good anymore.,sad
I am feeling great today!,happy
This is the best day of my life!,happy
Why does everything go wrong?,sad
I am really anxious about my exams.,anxious
I am so grateful for everything!,happy
Worrying about the future is exhausting.,anxious
My workload is overwhelming.,stressed
I can't wait for my vacation!,excited
Deadlines are killing me!,stressed
My workload is overwhelming.,stressed
It's just another normal day.,neutral
I feel very sad and lonely.,sad
I am feeling great today!,happy
Why do people always lie?,angry
I just want to be alone.,sad
"Everything is fine, I guess.",neutral
Why do people always lie?,angry
I am so grateful for everything!,happy
I am so frustrated with this situation!,angry
I just want to be alone.,sad
Worrying about the future is exhausting.,anxious
"Everything is fine, I guess.",neutral
"Everything is fine, I guess.",neutral
Life is amazing right now!,excited
Worrying about the future is exhausting.,anxious
I feel nervous all the time.,anxious
"Everything is fine, I guess.",neutral
So thrilled about this opportunity!,excited
My mind won't stop overthinking.,anxious
I just want to be alone.,sad
So thrilled about this opportunity!,excited
Deadlines are killing me!,stressed
Deadlines are killing me!,stressed
Nothing feels good anymore.,sad
It's just another normal day.,neutral
I feel very sad and lonely.,sad
I am feeling great today!,happy
I am really anxious about my exams.,anxious
I hate when things don't go my way!,angry
Why do people always lie?,angry
Something big is happening soon!,excited
I feel very sad and lonely.,sad
I feel nervous all the time.,anxious
It's just another normal day.,neutral
I hate when things don't go my way!,angry
Why does everything go wrong?,sad
I just want to be alone.,sad
"Everything is fine, I guess.",neutral
I am feeling great today!,happy
I am feeling great today!,happy
"Too much pressure, I can't handle it!",stressed
This is the best day of my life!,happy
My mind won't stop overthinking.,anxious
My workload is overwhelming.,stressed
I am so frustrated with this situation!,angry
"Everything is fine, I guess.",neutral
My mind won't stop overthinking.,anxious
I feel very sad and lonely.,sad
Life is amazing right now!,excited
Why does everything go wrong?,sad
I am so stressed about work.,stressed
Something big is happening soon!,excited
I feel nervous all the time.,anxious
Just going through the motions.,neutral
Life is amazing right now!,excited
My workload is overwhelming.,stressed
I am so stressed about work.,stressed
I am really anxious about my exams.,anxious
I just want to be alone.,sad
I have nothing special to say.,neutral
Something big is happening soon!,excited
My workload is overwhelming.,stressed
I am so stressed about work.,stressed
I just want to be alone.,sad
Feeling joyful and blessed.,happy
Why do people always lie?,angry
I have nothing special to say.,neutral
Why do people always lie?,angry
My mind won't stop overthinking.,anxious
This is completely unfair!,angry
I have nothing special to say.,neutral
I have nothing special to say.,neutral
I feel very sad and lonely.,sad
Life is amazing right now!,excited
This is completely unfair!,angry
I am so stressed about work.,stressed
My workload is overwhelming.,stressed
I am feeling great today!,happy
"Everything is fine, I guess.",neutral
My mind won't stop overthinking.,anxious
Feeling joyful and blessed.,happy
Life is amazing right now!,excited
This is completely unfair!,angry
So thrilled about this opportunity!,excited
I can't wait for my vacation!,excited
My workload is overwhelming.,stressed
This is the best day of my life!,happy
Deadlines are killing me!,stressed
I am really anxious about my exams.,anxious
Why does everything go wrong?,sad
I am really anxious about my exams.,anxious
I hate when things don't go my way!,angry
I have nothing special to say.,neutral
It's just another normal day.,neutral
Why does everything go wrong?,sad
Life is amazing right now!,excited
I am so grateful for everything!,happy
So thrilled about this opportunity!,excited
I can't wait for my vacation!,excited
This is the best day of my life!,happy
I have nothing special to say.,neutral
Just going through the motions.,neutral
"Everything is fine, I guess.",neutral
Just going through the motions.,neutral
Feeling joyful and blessed.,happy
Feeling joyful and blessed.,happy
My workload is overwhelming.,stressed
"Too much pressure, I can't handle it!",stressed
So thrilled about this opportunity!,excited
My mind won't stop overthinking.,anxious
"Too much pressure, I can't handle it!",stressed
I have nothing special to say.,neutral
This is completely unfair!,angry
So thrilled about this opportunity!,excited
I can't wait for my vacation!,excited
I am so grateful for everything!,happy
I am so frustrated with this situation!,angry
I am really anxious about my exams.,anxious
Why does everything go wrong?,sad
Worrying about the future is exhausting.,anxious
It's just another normal day.,neutral
"Too much pressure, I can't handle it!",stressed
Deadlines are killing me!,stressed
It's just another normal day.,neutral
Feeling joyful and blessed.,happy
I just want to be alone.,sad
I am so grateful for everything!,happy
This is completely unfair!,angry
Why do people always lie?,angry
Life is amazing right now!,excited
Life is amazing right now!,excited
Something big is happening soon!,excited
I am so grateful for everything!,happy
Life is amazing right now!,excited
Why do people always lie?,angry
Something big is happening soon!,excited
"Everything is fine, I guess.",neutral
This is completely unfair!,angry
I have nothing special to say.,neutral
I feel nervous all the time.,anxious
I am so stressed about work.,stressed
I just want to be alone.,sad
My workload is overwhelming.,stressed
It's just another normal day.,neutral
Just going through the motions.,neutral
I am really anxious about my exams.,anxious
Deadlines are killing me!,stressed
Life is amazing right now!,excited
I can't wait for my vacation!,excited
Why does everything go wrong?,sad
Worrying about the future is exhausting.,anxious
Why does everything go wrong?,sad
I am feeling great today!,happy
Worrying about the future is exhausting.,anxious
I am so stressed about work.,stressed
Just going through the motions.,neutral
I feel very sad and lonely.,sad
I am feeling great today!,happy
I have nothing special to say.,neutral
My mind won't stop overthinking.,anxious
Feeling joyful and blessed.,happy
I hate when things don't go my way!,angry
Why does everything go wrong?,sad
"Too much pressure, I can't handle it!",stressed
I am so grateful for everything!,happy
I feel very sad and lonely.,sad
So thrilled about this opportunity!,excited
My mind won't stop overthinking.,anxious
I feel nervous all the time.,anxious
I feel nervous all the time.,anxious
I am so frustrated with this situation!,angry
"Everything is fine, I guess.",neutral
I just want to be alone.,sad
I am so stressed about work.,stressed
Why does everything go wrong?,sad
I hate when things don't go my way!,angry
My workload is overwhelming.,stressed
My mind won't stop overthinking.,anxious
I have nothing special to say.,neutral
It's just another normal day.,neutral
Just going through the motions.,neutral
I am so grateful for everything!,happy
This is the best day of my life!,happy
Just going through the motions.,neutral
Why do people always lie?,angry
I feel very sad and lonely.,sad
Nothing feels good anymore.,sad
"Too much pressure, I can't handle it!",stressed
I hate when things don't go my way!,angry
I am really anxious about my exams.,anxious
I just want to be alone.,sad
I feel nervous all the time.,anxious
It's just another normal day.,neutral
"Too much pressure, I can't handle it!",stressed
I am so frustrated with this situation!,angry
This is the best day of my life!,happy
Feeling joyful and blessed.,happy
Just going through the motions.,neutral
I am so frustrated with this situation!,angry
Deadlines are killing me!,stressed
I feel nervous all the time.,anxious
Something big is happening soon!,excited
Something big is happening soon!,excited
Just going through the motions.,neutral
Nothing feels good anymore.,sad
Life is amazing right now!,excited
Why do people always lie?,angry
Why do people always lie?,angry
I am so frustrated with this situation!,angry
I feel very sad and lonely.,sad
This is the best day of my life!,happy
My workload is overwhelming.,stressed
My mind won't stop overthinking.,anxious
Just going through the motions.,neutral
My mind won't stop overthinking.,anxious
I have nothing special to say.,neutral
My mind won't stop overthinking.,anxious
I am really anxious about my exams.,anxious
Why do people always lie?,angry
My workload is overwhelming.,stressed
Nothing feels good anymore.,sad
I just want to be alone.,sad
I am feeling great today!,happy
"Too much pressure, I can't handle it!",stressed
Feeling joyful and blessed.,happy
I am so grateful for everything!,happy
I have nothing special to say.,neutral
"Everything is fine, I guess.",neutral
Something big is happening soon!,excited
Feeling joyful and blessed.,happy
Nothing feels good anymore.,sad
Feeling joyful and blessed.,happy
I feel very sad and lonely.,sad
I am feeling great today!,happy
My workload is overwhelming.,stressed
I have nothing special to say.,neutral
Deadlines are killing me!,stressed
Life is amazing right now!,excited
It's just another normal day.,neutral
Worrying about the future is exhausting.,anxious
So thrilled about this opportunity!,excited
Why do people always lie?,angry
Why does everything go wrong?,sad
Worrying about the future is exhausting.,anxious
Why do people always lie?,angry
So thrilled about this opportunity!,excited
Why does everything go wrong?,sad
Nothing feels good anymore.,sad
My mind won't stop overthinking.,anxious
My workload is overwhelming.,stressed
Why does everything go wrong?,sad
I am so frustrated with this situation!,angry
Worrying about the future is exhausting.,anxious
I have nothing special to say.,neutral
Why does everything go wrong?,sad
Nothing feels good anymore.,sad
Something big is happening soon!,excited
I am really anxious about my exams.,anxious
"Everything is fine, I guess.",neutral
Nothing feels good anymore.,sad
I am so grateful for everything!,happy
Why do people always lie?,angry
Life is amazing right now!,excited
Life is amazing right now!,excited
Feeling joyful and blessed.,happy
I am so stressed about work.,stressed
I am so frustrated with this situation!,angry
I am really anxious about my exams.,anxious
My mind won't stop overthinking.,anxious
I am so stressed about work.,stressed
I feel nervous all the time.,anxious
I am so stressed about work.,stressed
I am feeling great today!,happy
I am so stressed about work.,stressed
I am really anxious about my exams.,anxious
I am feeling great today!,happy
Why does everything go wrong?,sad
My workload is overwhelming.,stressed
It's just another normal day.,neutral
I can't wait for my vacation!,excited
I hate when things don't go my way!,angry
I am so frustrated with this situation!,angry
I am really anxious about my exams.,anxious
I have nothing special to say.,neutral
Why do people always lie?,angry
My workload is overwhelming.,stressed
Just going through the motions.,neutral
Something big is happening soon!,excited
"Everything is fine, I guess.",neutral
Just going through the motions.,neutral
I am so grateful for everything!,happy
I hate when things don't go my way!,angry
My mind won't stop overthinking.,anxious
So thrilled about this opportunity!,excited
I am really anxious about my exams.,anxious
Something big is happening soon!,excited
"Too much pressure, I can't handle it!",stressed
I am so stressed about work.,stressed
This is the best day of my life!,happy
Nothing feels good anymore.,sad
This is completely unfair!,angry
Why do people always lie?,angry
Feeling joyful and blessed.,happy
I just want to be alone.,sad
I am so frustrated with this situation!,angry
I am so stressed about work.,stressed
Deadlines are killing me!,stressed
My workload is overwhelming.,stressed
Deadlines are killing me!,stressed
Something big is happening soon!,excited
My mind won't stop overthinking.,anxious
Why do people always lie?,angry
I hate when things don't go my way!,angry
Something big is happening soon!,excited
"Too much pressure, I can't handle it!",stressed
I am so grateful for everything!,happy
Why does everything go wrong?,sad
This is the best day of my life!,happy
I feel nervous all the time.,anxious
Feeling joyful and blessed.,happy
This is the best day of my life!,happy
I feel very sad and lonely.,sad
Just going through the motions.,neutral
Just going through the motions.,neutral
This is completely unfair!,angry
I am so stressed about work.,stressed
Life is amazing right now!,excited
I feel nervous all the time.,anxious
This is the best day of my life!,happy
I can't wait for my vacation!,excited
Deadlines are killing me!,stressed
Life is amazing right now!,excited
I feel nervous all the time.,anxious
My mind won't stop overthinking.,anxious
Feeling joyful and blessed.,happy
Feeling joyful and blessed.,happy
My mind won't stop overthinking.,anxious
So thrilled about this opportunity!,excited
I feel nervous all the time.,anxious
Something big is happening soon!,excited
"Too much pressure, I can't handle it!",stressed
I feel nervous all the time.,anxious
I hate when things don't go my way!,angry
Nothing feels good anymore.,sad
Worrying about the future is exhausting.,anxious
This is the best day of my life!,happy
Worrying about the future is exhausting.,anxious
My mind won't stop overthinking.,anxious
Something big is happening soon!,excited
I am so frustrated with this situation!,angry
Why does everything go wrong?,sad
Deadlines are killing me!,stressed
I am so grateful for everything!,happy
I feel nervous all the time.,anxious
It's just another normal day.,neutral
I am so frustrated with this situation!,angry
Nothing feels good anymore.,sad
I just want to be alone.,sad
I am really anxious about my exams.,anxious
I am feeling great today!,happy
Feeling joyful and blessed.,happy
I am so frustrated with this situation!,angry
It's just another normal day.,neutral
Feeling joyful and blessed.,happy
I am really anxious about my exams.,anxious
I can't wait for my vacation!,excited
So thrilled about this opportunity!,excited
"Too much pressure, I can't handle it!",stressed
Feeling joyful and blessed.,happy
I feel very sad and lonely.,sad
Deadlines are killing me!,stressed
Something big is happening soon!,excited
It's just another normal day.,neutral
Why do people always lie?,angry
I just want to be alone.,sad
Why do people always lie?,angry
Feeling joyful and blessed.,happy
Why do people always lie?,angry
Why does everything go wrong?,sad
I am so stressed about work.,stressed
Just going through the motions.,neutral
I am feeling great today!,happy
I am so stressed about work.,stressed
My mind won't stop overthinking.,anxious
Nothing feels good anymore.,sad
My workload is overwhelming.,stressed
Why does everything go wrong?,sad
I am so frustrated with this situation!,angry
So thrilled about this opportunity!,excited
I just want to be alone.,sad
Something big is happening soon!,excited
Why do people always lie?,angry
Feeling joyful and blessed.,happy
I am really anxious about my exams.,anxious
Deadlines are killing me!,stressed
I am so frustrated with this situation!,angry
I feel very sad and lonely.,sad
I feel nervous all the time.,anxious
This is the best day of my life!,happy
It's just another normal day.,neutral
My mind won't stop overthinking.,anxious
I have nothing special to say.,neutral
I hate when things don't go my way!,angry
Why does everything go wrong?,sad
Worrying about the future is exhausting.,anxious
Nothing feels good anymore.,sad
Worrying about the future is exhausting.,anxious
My workload is overwhelming.,stressed
I am so grateful for everything!,happy
Just going through the motions.,neutral
I am feeling great today!,happy
I have nothing special to say.,neutral
Life is amazing right now!,excited
Why do people always lie?,angry
I feel nervous all the time.,anxious
I am so frustrated with this situation!,angry
Worrying about the future is exhausting.,anxious
I am so grateful for everything!,happy
I hate when things don't go my way!,angry
I have nothing special to say.,neutral
Something big is happening soon!,excited
I am so frustrated with this situation!,angry
I can't wait for my vacation!,excited
Worrying about the future is exhausting.,anxious
Nothing feels good anymore.,sad
I am really anxious about my exams.,anxious
I feel very sad and lonely.,sad
I feel very sad and lonely.,sad
Feeling joyful and blessed.,happy
My mind won't stop overthinking.,anxious
I hate when things don't go my way!,angry
I am so stressed about work.,stressed
"Everything is fine, I guess.",neutral
I have nothing special to say.,neutral
Why do people always lie?,angry
Why do people always lie?,angry
I have nothing special to say.,neutral
My workload is overwhelming.,stressed
Why do people always lie?,angry
I just want to be alone.,sad
I have nothing special to say.,neutral
"Everything is fine, I guess.",neutral
Deadlines are killing me!,stressed
I am really anxious about my exams.,anxious
Just going through the motions.,neutral
Why does everything go wrong?,sad
I feel very sad and lonely.,sad
I am really anxious about my exams.,anxious
"Too much pressure, I can't handle it!",stressed
Feeling joyful and blessed.,happy
I can't wait for my vacation!,excited
I am really anxious about my exams.,anxious
Worrying about the future is exhausting.,anxious
So thrilled about this opportunity!,excited
Nothing feels good anymore.,sad
My workload is overwhelming.,stressed
I feel nervous all the time.,anxious
Why do people always lie?,angry
I feel nervous all the time.,anxious
I have nothing special to say.,neutral
Why do people always lie?,angry
I am really anxious about my exams.,anxious
I am really anxious about my exams.,anxious
I feel nervous all the time.,anxious
"Too much pressure, I can't handle it!",stressed
So thrilled about this opportunity!,excited
I feel very sad and lonely.,sad
Deadlines are killing me!,stressed
I have nothing special to say.,neutral
"Everything is fine, I guess.",neutral
Worrying about the future is exhausting.,anxious
This is the best day of my life!,happy
It's just another normal day.,neutral
Life is amazing right now!,excited
I am so frustrated with this situation!,angry
Worrying about the future is exhausting.,anxious
Nothing feels good anymore.,sad
My workload is overwhelming.,stressed
Worrying about the future is exhausting.,anxious
I am so frustrated with this situation!,angry
So thrilled about this opportunity!,excited
My mind won't stop overthinking.,anxious
I feel nervous all the time.,anxious
Feeling joyful and blessed.,happy
I can't wait for my vacation!,excited
Something big is happening soon!,excited
I am really anxious about my exams.,anxious
I am really anxious about my exams.,anxious
Life is amazing right now!,excited
Deadlines are killing me!,stressed
My mind won't stop overthinking.,anxious
Feeling joyful and blessed.,happy
I hate when things don't go my way!,angry
I am so grateful for everything!,happy
I am so stressed about work.,stressed
Why do people always lie?,angry
Worrying about the future is exhausting.,anxious
I hate when things don't go my way!,angry
I have nothing special to say.,neutral
I am really anxious about my exams.,anxious
This is completely unfair!,angry
I feel nervous all the time.,anxious
Something big is happening soon!,excited
I have nothing special to say.,neutral
I am so grateful for everything!,happy
My workload is overwhelming.,stressed
Something big is happening soon!,excited
Just going through the motions.,neutral
I feel nervous all the time.,anxious
I am so stressed about work.,stressed
Worrying about the future is exhausting.,anxious
Why does everything go wrong?,sad
Worrying about the future is exhausting.,anxious
Nothing feels good anymore.,sad
Deadlines are killing me!,stressed
I have nothing special to say.,neutral
This is completely unfair!,angry
I have nothing special to say.,neutral
It's just another normal day.,neutral
Why do people always lie?,angry
This is the best day of my life!,happy
This is the best day of my life!,happy
Life is amazing right now!,excited
Just going through the motions.,neutral
Why does everything go wrong?,sad
"Everything is fine, I guess.",neutral
Why does everything go wrong?,sad
It's just another normal day.,neutral
I am feeling great today!,happy
I am so stressed about work.,stressed
I can't wait for my vacation!,excited
I just want to be alone.,sad
So thrilled about this opportunity!,excited
I hate when things don't go my way!,angry
I am so grateful for everything!,happy
Deadlines are killing me!,stressed
"Everything is fine, I guess.",neutral
My workload is overwhelming.,stressed
I am so stressed about work.,stressed
It's just another normal day.,neutral
Why does everything go wrong?,sad
Why does everything go wrong?,sad
It's just another normal day.,neutral
I hate when things don't go my way!,angry
I can't wait for my vacation!,excited
Feeling joyful and blessed.,happy
I have nothing special to say.,neutral
I am so frustrated with this situation!,angry
I have nothing special to say.,neutral
Deadlines are killing me!,stressed
This is completely unfair!,angry
This is completely unfair!,angry
It's just another normal day.,neutral
Something big is happening soon!,excited
I have nothing special to say.,neutral
Why do people always lie?,angry
So thrilled about this opportunity!,excited
"Everything is fine, I guess.",neutral
I feel nervous all the time.,anxious
This is completely unfair!,angry
I feel very sad and lonely.,sad
Deadlines are killing me!,stressed
"Too much pressure, I can't handle it!",stressed
This is the best day of my life!,happy
Why do people always lie?,angry
I have nothing special to say.,neutral
I am so frustrated with this situation!,angry
Feeling joyful and blessed.,happy
"Too much pressure, I can't handle it!",stressed
I have nothing special to say.,neutral
I am so frustrated with this situation!,angry
"Too much pressure, I can't handle it!",stressed
Why do people always lie?,angry
"Everything is fine, I guess.",neutral
I am so stressed about work.,stressed
I can't wait for my vacation!,excited
Nothing feels good anymore.,sad
My mind won't stop overthinking.,anxious
Just going through the motions.,neutral
Deadlines are killing me!,stressed
So thrilled about this opportunity!,excited
I am feeling great today!,happy
I am feeling great today!,happy
Deadlines are killing me!,stressed
I am so grateful for everything!,happy
"Too much pressure, I can't handle it!",stressed
Why do people always lie?,angry
I am so frustrated with this situation!,angry
Feeling joyful and blessed.,happy
I am feeling great today!,happy
I am so frustrated with this situation!,angry
Why does everything go wrong?,sad
This is completely unfair!,angry
My workload is overwhelming.,stressed
It's just another normal day.,neutral
I am really anxious about my exams.,anxious
Why does everything go wrong?,sad
Deadlines are killing me!,stressed
I can't wait for my vacation!,excited
My workload is overwhelming.,stressed
This is the best day of my life!,happy
This is the best day of my life!,happy
I just want to be alone.,sad
I feel very sad and lonely.,sad
I am so stressed about work.,stressed
Nothing feels good anymore.,sad
Why does everything go wrong?,sad
Feeling joyful and blessed.,happy
I can't wait for my vacation!,excited
It's just another normal day.,neutral
Why does everything go wrong?,sad
I am so stressed about work.,stressed
Why does everything go wrong?,sad
My mind won't stop overthinking.,anxious
I have nothing special to say.,neutral
I am so stressed about work.,stressed
It's just another normal day.,neutral
Something big is happening soon!,excited
"Everything is fine, I guess.",neutral
"Everything is just too much right now.",overwhelm
"There’s always a silver lining.",optimism
"I don’t see a way out of this.",despair
"I can’t forgive myself for what I did.",guilt
"I feel like crying all the time.",sadness
"Wow, I didn’t see that coming!",surprise
"Everything is just too much right now.",overwhelm
"I miss those old summer days.",nostalgia
"I don't understand what's going on.",confusion
"Nothing will ever change.",hopelessness
"You shocked me with that announcement!",surprise
"Everything is just too much right now.",overwhelm
"It’s been days since I talked to someone.",loneliness
"I’m thrilled about this opportunity!",excitement
"Nothing exciting happened today.",neutral
"Nothing seems to matter anymore.",sadness
"You shocked me with that announcement!",surprise
"There’s always a silver lining.",optimism
"This is going to be amazing!",excitement
"I should have done things differently.",guilt
"I wish I could go back in time.",nostalgia
"My heart is full of affection.",love
"This is going to be amazing!",excitement
"There’s always a silver lining.",optimism
"No one can take this away from me.",pride
"I feel so guilty all the time.",guilt
"High school memories keep coming back.",nostalgia
"You shocked me with that announcement!",surprise
"My heart is full of affection.",love
"High school memories keep coming back.",nostalgia
"I feel like crying all the time.",sadness
"This is completely unacceptable!",anger
"What’s the point in trying?",pessimism
"It's just another ordinary day.",neutral
"My heart is full of affection.",love
"This is going to be amazing!",excitement
"Good things are coming my way.",optimism
"There’s always a silver lining.",optimism
"Good things are coming my way.",optimism
"I can’t forgive myself for what I did.",guilt
"Everyone must think I'm a failure.",shame
"Wow, I didn’t see that coming!",surprise
"Everything feels unclear right now.",confusion
"Nothing seems to matter anymore.",sadness
"I love spending time with you.",love
"This is completely unacceptable!",anger
"Nothing exciting happened today.",neutral
"I'm so angry I could scream.",anger
"I don't understand what's going on.",confusion
"I did a great job today!",pride
"It's just another ordinary day.",neutral
"You shocked me with that announcement!",surprise
"I can’t wait for the weekend!",excitement
"You shocked me with that announcement!",surprise
"I’ve lost all hope.",despair
"I can’t look anyone in the eye.",shame
"I always expect the worst.",pessimism
"Hope feels like a distant memory.",hopelessness
"Nothing exciting happened today.",neutral
"I'm just going through the motions.",neutral
"I’m proud of my accomplishments.",pride
"I did a great job today!",pride
"I don’t see a way out of this.",despair
"It's just another ordinary day.",neutral
"I love spending time with you.",love
"I'm grateful for everything I have.",joy
"That was completely unexpected!",surprise
"No one really understands me.",loneliness
"I'm grateful for everything I have.",joy
"No one really understands me.",loneliness
"This is going to be amazing!",excitement
"I can’t wait for the weekend!",excitement
"Nothing seems to matter anymore.",sadness
"There's too much on my plate.",overwhelm
"I feel so guilty all the time.",guilt
"It's just another ordinary day.",neutral
"I miss those old summer days.",nostalgia
"I feel at peace with myself.",calm
"What if everything goes wrong?",anxiety
"I always expect the worst.",pessimism
"I'm so angry I could scream.",anger
"I feel so embarrassed about it.",shame
"I can't stop worrying about everything.",anxiety
"What’s the point in trying?",pessimism
"I did a great job today!",pride
"What’s the point in trying?",pessimism
"This is the best news I've heard all week.",joy
"My heart races every time I think about it.",fear
"It made me sick to my stomach.",disgust
"I feel blessed today.",gratitude
"Today has been one of the worst days.",sadness
"I should have done things differently.",guilt
"I feel like crying all the time.",sadness
"I’ve lost all hope.",despair
"I feel so alone even in a crowd.",loneliness
"I have nothing to do.",boredom
"Nothing excites me anymore.",boredom
"No one really understands me.",loneliness
"I can't handle all this stress.",overwhelm
"Things will never get better.",pessimism
"I’ve stopped believing things can improve.",hopelessness
"I can’t look anyone in the eye.",shame
"I feel so guilty all the time.",guilt
"It’s been days since I talked to someone.",loneliness
"Nothing will ever change.",hopelessness
"I feel so embarrassed about it.",shame
"Things will never get better.",pessimism
"Everything is just too much right now.",overwhelm
"That was absolutely revolting.",disgust
"I’m proud of my accomplishments.",pride
"There's too much on my plate.",overwhelm
"I miss those old summer days.",nostalgia
"I can't handle all this stress.",overwhelm
"I can't handle all this stress.",overwhelm
"I’m so bored I could sleep all day.",boredom
"No one really understands me.",loneliness
"I should have done things differently.",guilt
"I'm so angry I could scream.",anger
"That was absolutely revolting.",disgust
"I appreciate everything you've done.",gratitude
"This moment is so serene.",calm
"You shocked me with that announcement!",surprise
"I can't handle all this stress.",overwhelm
"Today has been one of the worst days.",sadness
"Everyone must think I'm a failure.",shame
"I’m so bored I could sleep all day.",boredom
"I’ve lost all hope.",despair
"High school memories keep coming back.",nostalgia
"I believe tomorrow will be better.",optimism
"I'm so lost in my thoughts.",confusion
"I can't stop worrying about everything.",anxiety
"It made me sick to my stomach.",disgust
"I don't feel safe.",fear
"It made me sick to my stomach.",disgust
"I’m scared of what might happen next.",fear
"It’s been days since I talked to someone.",loneliness
"Nothing seems to matter anymore.",sadness
"Everyone must think I'm a failure.",shame
"I can't stop worrying about everything.",anxiety
"What if everything goes wrong?",anxiety
"My heart races every time I think about it.",fear
"I feel blessed today.",gratitude
"I can’t believe people enjoy that.",disgust
"That was absolutely revolting.",disgust
"Nothing will ever change.",hopelessness
"What if everything goes wrong?",anxiety
"I don't understand what's going on.",confusion
"I’m thrilled about this opportunity!",excitement
"I don't feel safe.",fear
"I’m so bored I could sleep all day.",boredom
"Nothing seems to matter anymore.",sadness
"I’m thrilled about this opportunity!",excitement
"Wow, I didn’t see that coming!",surprise
"I feel at peace with myself.",calm
"I'm so thankful for my family.",gratitude
"I’m proud of my accomplishments.",pride
"I appreciate everything you've done.",gratitude
"I’m proud of my accomplishments.",pride
"I can’t wait for the weekend!",excitement
"What’s the point in trying?",pessimism
"I love spending time with you.",love
"It’s been days since I talked to someone.",loneliness
"This moment is so serene.",calm
"I can’t believe people enjoy that.",disgust
"I have nothing to do.",boredom
"I feel so alone even in a crowd.",loneliness
"Why do people always take advantage of me?",anger
"Everything is just too much right now.",overwhelm
"My heart races every time I think about it.",fear
"I'm so angry I could scream.",anger
"I can’t forgive myself for what I did.",guilt
"High school memories keep coming back.",nostalgia
"This is going to be amazing!",excitement
"There’s always a silver lining.",optimism
"That was absolutely revolting.",disgust
"Wow, I didn’t see that coming!",surprise
"I’m so bored I could sleep all day.",boredom
"What if everything goes wrong?",anxiety
"Good things are coming my way.",optimism
"I did a great job today!",pride
"I appreciate everything you've done.",gratitude
"I feel at peace with myself.",calm
"Nothing is bothering me today.",calm
"There’s always a silver lining.",optimism
"I feel blessed today.",gratitude
"Why do people always take advantage of me?",anger
"That was absolutely revolting.",disgust
"I appreciate everything you've done.",gratitude
"I wish I could go back in time.",nostalgia
"I always expect the worst.",pessimism
"My mind is racing with fear.",anxiety
"It's just another ordinary day.",neutral
"I’m proud of my accomplishments.",pride
"I can’t wait for the weekend!",excitement
"That was completely unexpected!",surprise
"Nothing exciting happened today.",neutral
"Everything is just too much right now.",overwhelm
"I can't handle all this stress.",overwhelm
"I'm so angry I could scream.",anger
"Nothing seems to matter anymore.",sadness
"There’s always a silver lining.",optimism
"I’m thrilled about this opportunity!",excitement
"It made me sick to my stomach.",disgust
"Nothing excites me anymore.",boredom
"I can’t believe people enjoy that.",disgust
"Nothing will ever change.",hopelessness
"I miss those old summer days.",nostalgia
"I can't stop worrying about everything.",anxiety
"What’s the point in trying?",pessimism
"You mean the world to me.",love
"I did a great job today!",pride
"Good things are coming my way.",optimism
"My heart races every time I think about it.",fear
"I feel so alone even in a crowd.",loneliness
"Everything feels unclear right now.",confusion
"I always expect the worst.",pessimism
"Today has been one of the worst days.",sadness
"It made me sick to my stomach.",disgust
"I love spending time with you.",love
"You shocked me with that announcement!",surprise
"It's just another ordinary day.",neutral
"It feels like everything is falling apart.",despair
"I love spending time with you.",love
"I'm so angry I could scream.",anger
"This moment is so serene.",calm
"My heart races every time I think about it.",fear
"I appreciate everything you've done.",gratitude
"I love spending time with you.",love
"I'm so thankful for my family.",gratitude
"I'm so angry I could scream.",anger
"I should have done things differently.",guilt
"I'm feeling really happy today!",joy
"I feel at peace with myself.",calm
"I always expect the worst.",pessimism
"I wish I could go back in time.",nostalgia
"Things will never get better.",pessimism
"I feel like crying all the time.",sadness
"Good things are coming my way.",optimism
"High school memories keep coming back.",nostalgia
"I can’t wait for the weekend!",excitement
"I can’t believe people enjoy that.",disgust
"I'm just going through the motions.",neutral
"Everything feels unclear right now.",confusion
"Everything is just too much right now.",overwhelm
"Hope feels like a distant memory.",hopelessness
"I should have done things differently.",guilt
"I’m thrilled about this opportunity!",excitement
"There’s always a silver lining.",optimism
"I’m proud of my accomplishments.",pride
"What if everything goes wrong?",anxiety
"I'm so angry I could scream.",anger
"My mind is racing with fear.",anxiety
"I miss those old summer days.",nostalgia
"You mean the world to me.",love
"I don't feel safe.",fear
"It's just another ordinary day.",neutral
"I feel so guilty all the time.",guilt
"I did a great job today!",pride
"Nothing will ever change.",hopelessness
"I love spending time with you.",love
"Everything is just too much right now.",overwhelm
"This is the best news I've heard all week.",joy
"I'm so lost in my thoughts.",confusion
"I'm feeling really happy today!",joy
"There's too much on my plate.",overwhelm
"I can't handle all this stress.",overwhelm
"I don’t see a way out of this.",despair
"Nothing exciting happened today.",neutral
"I'm so lost in my thoughts.",confusion
"I did a great job today!",pride
"That was absolutely revolting.",disgust
"I don't feel safe.",fear
"I miss those old summer days.",nostalgia
"I'm so lost in my thoughts.",confusion
"This moment is so serene.",calm
"I’ve lost all hope.",despair
"There’s always a silver lining.",optimism
"Why do people always take advantage of me?",anger
"Nothing seems to matter anymore.",sadness
"I can't stop worrying about everything.",anxiety
"I’m proud of my accomplishments.",pride
"No one really understands me.",loneliness
"Today has been one of the worst days.",sadness
"No one can take this away from me.",pride
"Nothing excites me anymore.",boredom
"Hope feels like a distant memory.",hopelessness
"I should have done things differently.",guilt
"Nothing will ever change.",hopelessness
"Everything is just too much right now.",overwhelm
"I miss those old summer days.",nostalgia
"I can’t look anyone in the eye.",shame
"I miss those old summer days.",nostalgia
"I always expect the worst.",pessimism
"Everything is just too much right now.",overwhelm
"My heart is full of affection.",love
"I feel so embarrassed about it.",shame
"No one can take this away from me.",pride
"There’s always a silver lining.",optimism
"I can’t believe people enjoy that.",disgust
"No one really understands me.",loneliness
"I can’t look anyone in the eye.",shame
"It made me sick to my stomach.",disgust
"No one can take this away from me.",pride
"I feel blessed today.",gratitude
"I love spending time with you.",love
"You mean the world to me.",love
"This is the best news I've heard all week.",joy
"I’ve lost all hope.",despair
"What’s the point in trying?",pessimism
"You shocked me with that announcement!",surprise
"That was completely unexpected!",surprise
"This is the best news I've heard all week.",joy
"Nothing will ever change.",hopelessness
"Wow, I didn’t see that coming!",surprise
"This is the best news I've heard all week.",joy
"I'm so thankful for my family.",gratitude
"This moment is so serene.",calm
"This is going to be amazing!",excitement
"I feel so guilty all the time.",guilt
"No one really understands me.",loneliness
"Today has been one of the worst days.",sadness
"What’s the point in trying?",pessimism
"I have nothing to do.",boredom
"I feel so alone even in a crowd.",loneliness
"What if everything goes wrong?",anxiety
"It’s been days since I talked to someone.",loneliness
"There's too much on my plate.",overwhelm
"My mind is racing with fear.",anxiety
"I appreciate everything you've done.",gratitude
"I’m thrilled about this opportunity!",excitement
"I’m so bored I could sleep all day.",boredom
"I’m so bored I could sleep all day.",boredom
"I feel so guilty all the time.",guilt
"I feel so guilty all the time.",guilt
"I have nothing to do.",boredom
"I feel blessed today.",gratitude
"No one really understands me.",loneliness
"I don't understand what's going on.",confusion
"It feels like everything is falling apart.",despair
"Nothing excites me anymore.",boredom
"I believe tomorrow will be better.",optimism
"I'm grateful for everything I have.",joy
"Everything feels unclear right now.",confusion
"Good things are coming my way.",optimism
"I should have done things differently.",guilt
"Everything feels unclear right now.",confusion
"You shocked me with that announcement!",surprise
"This is going to be amazing!",excitement
"I'm so lost in my thoughts.",confusion
"Nothing exciting happened today.",neutral
"It made me sick to my stomach.",disgust
"I feel blessed today.",gratitude
"I can’t look anyone in the eye.",shame
"It made me sick to my stomach.",disgust
"I feel at peace with myself.",calm
"I'm so thankful for my family.",gratitude
"I feel so embarrassed about it.",shame
"I'm feeling really happy today!",joy
"You shocked me with that announcement!",surprise
"Why do people always take advantage of me?",anger
"I feel at peace with myself.",calm
"I feel like crying all the time.",sadness
"My heart is full of affection.",love
"I'm so thankful for my family.",gratitude
"I feel blessed today.",gratitude
"Everyone must think I'm a failure.",shame
"No one can take this away from me.",pride
"Hope feels like a distant memory.",hopelessness
"I'm so lost in my thoughts.",confusion
"I'm feeling really happy today!",joy
"I love spending time with you.",love
"I should have done things differently.",guilt
"I feel at peace with myself.",calm
"Good things are coming my way.",optimism
"I always expect the worst.",pessimism
"Nothing seems to matter anymore.",sadness
"Hope feels like a distant memory.",hopelessness
"Wow, I didn’t see that coming!",surprise
"No one can take this away from me.",pride
"I’m so bored I could sleep all day.",boredom
"I miss those old summer days.",nostalgia
"No one really understands me.",loneliness
"My heart is full of affection.",love
"It’s been days since I talked to someone.",loneliness
"This is the best news I've heard all week.",joy
"Everything is just too much right now.",overwhelm
"Hope feels like a distant memory.",hopelessness
"I’ve stopped believing things can improve.",hopelessness
"Why do people always take advantage of me?",anger
"This is completely unacceptable!",anger
"I'm grateful for everything I have.",joy
"My heart races every time I think about it.",fear
"I have nothing to do.",boredom
"Nothing will ever change.",hopelessness
"I can’t believe people enjoy that.",disgust
"It's just another ordinary day.",neutral
"I believe tomorrow will be better.",optimism
"Everything feels unclear right now.",confusion
"Why do people always take advantage of me?",anger
"I can't stop worrying about everything.",anxiety
"I feel blessed today.",gratitude
"I wish I could go back in time.",nostalgia
"Everyone must think I'm a failure.",shame
"I'm so lost in my thoughts.",confusion
"I’m thrilled about this opportunity!",excitement
"Wow, I didn’t see that coming!",surprise
"This is the best news I've heard all week.",joy
"Nothing exciting happened today.",neutral
"It’s been days since I talked to someone.",loneliness
"Hope feels like a distant memory.",hopelessness
"My heart races every time I think about it.",fear
"This moment is so serene.",calm
"Nothing is bothering me today.",calm
"Everything is just too much right now.",overwhelm
"High school memories keep coming back.",nostalgia
"I miss those old summer days.",nostalgia
"Nothing is bothering me today.",calm
"I can't handle all this stress.",overwhelm
"It's just another ordinary day.",neutral
"I can't stop worrying about everything.",anxiety
"I should have done things differently.",guilt
"Everyone must think I'm a failure.",shame
"Today has been one of the worst days.",sadness
"Nothing excites me anymore.",boredom
"Nothing will ever change.",hopelessness
"My mind is racing with fear.",anxiety
"What’s the point in trying?",pessimism
"Hope feels like a distant memory.",hopelessness
"This is completely unacceptable!",anger
"It's just another ordinary day.",neutral
"What if everything goes wrong?",anxiety
"I love spending time with you.",love
"Nothing will ever change.",hopelessness
"I can't stop worrying about everything.",anxiety
"I can’t believe people enjoy that.",disgust
"I love spending time with you.",love
"I'm just going through the motions.",neutral
"I have nothing to do.",boredom
"I'm feeling really happy today!",joy
"I can’t believe people enjoy that.",disgust
"There’s always a silver lining.",optimism
"No one really understands me.",loneliness
"I'm so angry I could scream.",anger
"I don’t see a way out of this.",despair
"This moment is so serene.",calm
"Nothing is bothering me today.",calm
"This is completely unacceptable!",anger
"I'm so lost in my thoughts.",confusion
"Nothing is bothering me today.",calm
"I’m proud of my accomplishments.",pride
"High school memories keep coming back.",nostalgia
"I have nothing to do.",boredom
"My heart races every time I think about it.",fear
"I can’t look anyone in the eye.",shame
"Nothing seems to matter anymore.",sadness
"I feel blessed today.",gratitude
"I feel so guilty all the time.",guilt
"I should have done things differently.",guilt
"I miss those old summer days.",nostalgia
"I love spending time with you.",love
"I feel like crying all the time.",sadness
"I appreciate everything you've done.",gratitude
"There’s always a silver lining.",optimism
"Everything is just too much right now.",overwhelm
"I’ve lost all hope.",despair
"That was absolutely revolting.",disgust
"I'm just going through the motions.",neutral
"I don’t see a way out of this.",despair
"My mind is racing with fear.",anxiety
"I can’t wait for the weekend!",excitement
"I'm grateful for everything I have.",joy
"High school memories keep coming back.",nostalgia
"I feel like crying all the time.",sadness
"It’s been days since I talked to someone.",loneliness
"I’m thrilled about this opportunity!",excitement
"I feel like crying all the time.",sadness
"I feel like crying all the time.",sadness
"There's too much on my plate.",overwhelm
"I don't feel safe.",fear
"I'm so thankful for my family.",gratitude
"High school memories keep coming back.",nostalgia
"It’s been days since I talked to someone.",loneliness
"My heart races every time I think about it.",fear
"This is completely unacceptable!",anger
"Things will never get better.",pessimism
"I feel blessed today.",gratitude
"No one can take this away from me.",pride
"Things will never get better.",pessimism
"I feel at peace with myself.",calm
"I’m scared of what might happen next.",fear
"I'm so thankful for my family.",gratitude
"I’ve lost all hope.",despair
"My heart races every time I think about it.",fear
"I can’t look anyone in the eye.",shame
"I’ve lost all hope.",despair
"I miss those old summer days.",nostalgia
"What’s the point in trying?",pessimism
"You mean the world to me.",love
"I feel blessed today.",gratitude
"Wow, I didn’t see that coming!",surprise
"What if everything goes wrong?",anxiety
"It's just another ordinary day.",neutral
"It’s been days since I talked to someone.",loneliness
"Nothing will ever change.",hopelessness
"It made me sick to my stomach.",disgust
"I’m so bored I could sleep all day.",boredom
"Nothing seems to matter anymore.",sadness
"You mean the world to me.",love
"Good things are coming my way.",optimism
"You mean the world to me.",love
"I feel at peace with myself.",calm
"I’m scared of what might happen next.",fear
"Nothing is bothering me today.",calm
"I don’t see a way out of this.",despair
"Everything feels unclear right now.",confusion
"Everyone must think I'm a failure.",shame
"I can’t wait for the weekend!",excitement
"I feel so alone even in a crowd.",loneliness
"I feel so guilty all the time.",guilt
"It’s been days since I talked to someone.",loneliness
"I'm so lost in my thoughts.",confusion
"I can't handle all this stress.",overwhelm
"I can't handle all this stress.",overwhelm
"My heart races every time I think about it.",fear
"I’ve lost all hope.",despair
"Nothing is bothering me today.",calm
"You shocked me with that announcement!",surprise
"You mean the world to me.",love
"I can’t forgive myself for what I did.",guilt
"I don’t see a way out of this.",despair
"Things will never get better.",pessimism
"I'm so lost in my thoughts.",confusion
"There’s always a silver lining.",optimism
"I have nothing to do.",boredom
"I feel so guilty all the time.",guilt
"Good things are coming my way.",optimism
"You shocked me with that announcement!",surprise
"My heart is full of affection.",love
"You shocked me with that announcement!",surprise
"This is completely unacceptable!",anger
"I don’t see a way out of this.",despair
"That was absolutely revolting.",disgust
"I love spending time with you.",love
"I feel so alone even in a crowd.",loneliness
"I can’t look anyone in the eye.",shame
"This is the best news I've heard all week.",joy
"I'm so angry I could scream.",anger
"What’s the point in trying?",pessimism
"You shocked me with that announcement!",surprise
"That was completely unexpected!",surprise
"There’s always a silver lining.",optimism
"My heart races every time I think about it.",fear
"Why do people always take advantage of me?",anger
"I believe tomorrow will be better.",optimism
"Nothing will ever change.",hopelessness
"My heart races every time I think about it.",fear
"I appreciate everything you've done.",gratitude
"I feel so alone even in a crowd.",loneliness
"I’ve stopped believing things can improve.",hopelessness
"I can’t forgive myself for what I did.",guilt
"What’s the point in trying?",pessimism
"I can’t look anyone in the eye.",shame
"Today has been one of the worst days.",sadness
"I don’t see a way out of this.",despair
"Hope feels like a distant memory.",hopelessness
"Nothing excites me anymore.",boredom
"I feel blessed today.",gratitude
"My mind is racing with fear.",anxiety
"It's just another ordinary day.",neutral
"I appreciate everything you've done.",gratitude
"Everyone must think I'm a failure.",shame
"That was absolutely revolting.",disgust
"That was completely unexpected!",surprise
"That was absolutely revolting.",disgust
"I can’t wait for the weekend!",excitement
"I wish I could go back in time.",nostalgia
"You mean the world to me.",love
"Everything feels unclear right now.",confusion
"That was absolutely revolting.",disgust
"I feel so alone even in a crowd.",loneliness
"It made me sick to my stomach.",disgust
"I miss those old summer days.",nostalgia
"Everything is just too much right now.",overwhelm
"I'm just going through the motions.",neutral
"I’ve stopped believing things can improve.",hopelessness
"I have nothing to do.",boredom
"My heart is full of affection.",love
"What’s the point in trying?",pessimism
"I can’t wait for the weekend!",excitement
"I’m thrilled about this opportunity!",excitement
"I wish I could go back in time.",nostalgia
"I'm feeling really happy today!",joy
"I'm so thankful for my family.",gratitude
"I feel so guilty all the time.",guilt
"I’ve lost all hope.",despair
"What if everything goes wrong?",anxiety
"I’ve stopped believing things can improve.",hopelessness
"Everyone must think I'm a failure.",shame
"No one can take this away from me.",pride
"I'm grateful for everything I have.",joy
"I did a great job today!",pride
"Today has been one of the worst days.",sadness
"Nothing will ever change.",hopelessness
"I can’t look anyone in the eye.",shame
"Hope feels like a distant memory.",hopelessness
"Nothing is bothering me today.",calm
"I’m so bored I could sleep all day.",boredom
"I can’t forgive myself for what I did.",guilt
"Good things are coming my way.",optimism
"I love spending time with you.",love
"I love spending time with you.",love
"Nothing exciting happened today.",neutral
"This is going to be amazing!",excitement
"I can’t forgive myself for what I did.",guilt
"No one can take this away from me.",pride
"I should have done things differently.",guilt
"I don’t see a way out of this.",despair
"My heart is full of affection.",love
"This moment is so serene.",calm
"I feel so embarrassed about it.",shame
"No one can take this away from me.",pride
"Wow, I didn’t see that coming!",surprise
"I feel blessed today.",gratitude
"Good things are coming my way.",optimism
"Nothing will ever change.",hopelessness
"I can’t wait for the weekend!",excitement
"I don’t see a way out of this.",despair
"I should have done things differently.",guilt
"I'm grateful for everything I have.",joy
"I feel at peace with myself.",calm
"I don't feel safe.",fear
"I can't stop worrying about everything.",anxiety
"This moment is so serene.",calm
"Why do people always take advantage of me?",anger
"I should have done things differently.",guilt
"Everything feels unclear right now.",confusion
"There’s always a silver lining.",optimism
"You mean the world to me.",love
"Wow, I didn’t see that coming!",surprise
"This is going to be amazing!",excitement
"I can't stop worrying about everything.",anxiety
"This moment is so serene.",calm
"Everything feels unclear right now.",confusion
"I can't stop worrying about everything.",anxiety
"Good things are coming my way.",optimism
"I always expect the worst.",pessimism
"That was completely unexpected!",surprise
"What’s the point in trying?",pessimism
"I feel like crying all the time.",sadness
"My heart races every time I think about it.",fear
"I always expect the worst.",pessimism
"You shocked me with that announcement!",surprise
"I’m scared of what might happen next.",fear
"It feels like everything is falling apart.",despair
"I should have done things differently.",guilt
"There's too much on my plate.",overwhelm
"Everything is just too much right now.",overwhelm
"My heart is full of affection.",love
"There’s always a silver lining.",optimism
"I feel so embarrassed about it.",shame
"I miss those old summer days.",nostalgia
"Wow, I didn’t see that coming!",surprise
"High school memories keep coming back.",nostalgia
"I can’t forgive myself for what I did.",guilt
"No one really understands me.",loneliness
"It feels like everything is falling apart.",despair
"It made me sick to my stomach.",disgust
"That was absolutely revolting.",disgust
"I love spending time with you.",love
"Nothing exciting happened today.",neutral
"I’m thrilled about this opportunity!",excitement
"I can’t wait for the weekend!",excitement
"I have nothing to do.",boredom
"Everything is just too much right now.",overwhelm
"I have nothing to do.",boredom
"I'm so lost in my thoughts.",confusion
"I don't feel safe.",fear
"Why do people always take advantage of me?",anger
"I'm so thankful for my family.",gratitude
"This is the best news I've heard all week.",joy
"Nothing excites me anymore.",boredom
"It's just another ordinary day.",neutral
"I don't understand what's going on.",confusion
"Everything feels unclear right now.",confusion
"You shocked me with that announcement!",surprise
"Nothing seems to matter anymore.",sadness
"There’s always a silver lining.",optimism
"I feel so guilty all the time.",guilt
"I'm just going through the motions.",neutral
"It feels like everything is falling apart.",despair
"I'm just going through the motions.",neutral
"I can’t wait for the weekend!",excitement
"It's just another ordinary day.",neutral
"It made me sick to my stomach.",disgust
"I feel like crying all the time.",sadness
"I did a great job today!",pride
"I can't handle all this stress.",overwhelm
"I don't feel safe.",fear
"No one can take this away from me.",pride
"I can’t forgive myself for what I did.",guilt
"I can’t wait for the weekend!",excitement
"No one really understands me.",loneliness
"I’ve stopped believing things can improve.",hopelessness
"It’s been days since I talked to someone.",loneliness
"I don't understand what's going on.",confusion
"Things will never get better.",pessimism
"Wow, I didn’t see that coming!",surprise
"It’s been days since I talked to someone.",loneliness
"You mean the world to me.",love
"I can’t forgive myself for what I did.",guilt
"No one can take this away from me.",pride
"I can't handle all this stress.",overwhelm
"I’m scared of what might happen next.",fear
"You mean the world to me.",love
"I'm so lost in my thoughts.",confusion
"I feel so alone even in a crowd.",loneliness
"This is the best news I've heard all week.",joy
"I'm grateful for everything I have.",joy
"I appreciate everything you've done.",gratitude
"I wish I could go back in time.",nostalgia
"I feel so alone even in a crowd.",loneliness
"I feel so alone even in a crowd.",loneliness
"I wish I could go back in time.",nostalgia
"Wow, I didn’t see that coming!",surprise
"I'm so angry I could scream.",anger
"I feel so guilty all the time.",guilt
"Why do people always take advantage of me?",anger
"Things will never get better.",pessimism
"I don’t see a way out of this.",despair
"I appreciate everything you've done.",gratitude
"I wish I could go back in time.",nostalgia
"I believe tomorrow will be better.",optimism
"I’ve lost all hope.",despair
"I should have done things differently.",guilt
"I miss those old summer days.",nostalgia
"I appreciate everything you've done.",gratitude
"I'm grateful for everything I have.",joy
"This moment is so serene.",calm
"Nothing will ever change.",hopelessness
"I’m thrilled about this opportunity!",excitement
"Why do people always take advantage of me?",anger
"I believe tomorrow will be better.",optimism
"You shocked me with that announcement!",surprise
"This moment is so serene.",calm
"I'm just going through the motions.",neutral
"This is the best news I've heard all week.",joy
"What’s the point in trying?",pessimism
"I don't feel safe.",fear
"Everyone must think I'm a failure.",shame
"I’m so bored I could sleep all day.",boredom
"I don't understand what's going on.",confusion
"That was absolutely revolting.",disgust
"Nothing will ever change.",hopelessness
"There’s always a silver lining.",optimism
"I feel blessed today.",gratitude
"I don't understand what's going on.",confusion
"You mean the world to me.",love
"It feels like everything is falling apart.",despair
"I don’t see a way out of this.",despair
"There’s always a silver lining.",optimism
"I’m scared of what might happen next.",fear
"It made me sick to my stomach.",disgust
"Things will never get better.",pessimism
"It feels like everything is falling apart.",despair
"You shocked me with that announcement!",surprise
"I don't understand what's going on.",confusion
"What’s the point in trying?",pessimism
"My heart races every time I think about it.",fear
"I’m so bored I could sleep all day.",boredom
"Nothing is bothering me today.",calm
"Everything is just too much right now.",overwhelm
"Why do people always take advantage of me?",anger
"What if everything goes wrong?",anxiety
"I feel so guilty all the time.",guilt
"I appreciate everything you've done.",gratitude
"This is completely unacceptable!",anger
"I can't stop worrying about everything.",anxiety
"I feel so guilty all the time.",guilt
"That was absolutely revolting.",disgust
"I don't feel safe.",fear
"What if everything goes wrong?",anxiety
"This is the best news I've heard all week.",joy
"High school memories keep coming back.",nostalgia
"Nothing seems to matter anymore.",sadness
"I’ve stopped believing things can improve.",hopelessness
"What if everything goes wrong?",anxiety
"It’s been days since I talked to someone.",loneliness
"Everything feels unclear right now.",confusion
"I’ve lost all hope.",despair
"There's too much on my plate.",overwhelm
"I feel blessed today.",gratitude
"There’s always a silver lining.",optimism
"No one can take this away from me.",pride
"I always expect the worst.",pessimism
"This is the best news I've heard all week.",joy
"It's just another ordinary day.",neutral
"Everything feels unclear right now.",confusion
"It's just another ordinary day.",neutral
"This moment is so serene.",calm
"I don't understand what's going on.",confusion
"No one really understands me.",loneliness
"I wish I could go back in time.",nostalgia
"I don't feel safe.",fear
"I can't stop worrying about everything.",anxiety
"There’s always a silver lining.",optimism
"Nothing will ever change.",hopelessness
"This is going to be amazing!",excitement
"No one can take this away from me.",pride
"I'm just going through the motions.",neutral
"I can’t wait for the weekend!",excitement
"This is the best news I've heard all week.",joy
"It's just another ordinary day.",neutral
"This is completely unacceptable!",anger
"Things will never get better.",pessimism
"I don’t see a way out of this.",despair
"I'm grateful for everything I have.",joy
"What if everything goes wrong?",anxiety
"Everyone must think I'm a failure.",shame
"I have nothing to do.",boredom
"I don't feel safe.",fear
"It feels like everything is falling apart.",despair
"This moment is so serene.",calm
"What’s the point in trying?",pessimism
"I did a great job today!",pride
"Nothing seems to matter anymore.",sadness
"I’m scared of what might happen next.",fear
"I'm so angry I could scream.",anger
"It made me sick to my stomach.",disgust
"Everyone must think I'm a failure.",shame
"Nothing excites me anymore.",boredom
"I'm grateful for everything I have.",joy
"That was absolutely revolting.",disgust
"I'm grateful for everything I have.",joy
"I can’t look anyone in the eye.",shame
"I have nothing to do.",boredom
"Everything feels unclear right now.",confusion
"I don't understand what's going on.",confusion
"What’s the point in trying?",pessimism
"I can’t look anyone in the eye.",shame
"Today has been one of the worst days.",sadness
"I’ve lost all hope.",despair
"I'm so lost in my thoughts.",confusion
"This is the best news I've heard all week.",joy
"That was absolutely revolting.",disgust
"This moment is so serene.",calm
"Today has been one of the worst days.",sadness
"I can’t look anyone in the eye.",shame
"Today has been one of the worst days.",sadness
"Nothing exciting happened today.",neutral
"I'm feeling really happy today!",joy
"Nothing exciting happened today.",neutral
"I’m proud of my accomplishments.",pride
"You shocked me with that announcement!",surprise
"Today has been one of the worst days.",sadness
"Everything is just too much right now.",overwhelm
"Why do people always take advantage of me?",anger
"No one can take this away from me.",pride
"I can't stop worrying about everything.",anxiety
"This moment is so serene.",calm
"It made me sick to my stomach.",disgust
"I feel at peace with myself.",calm
"High school memories keep coming back.",nostalgia
"I feel so embarrassed about it.",shame
"I appreciate everything you've done.",gratitude
"I’m thrilled about this opportunity!",excitement
"I don't feel safe.",fear
"I can't stop worrying about everything.",anxiety
"I’m thrilled about this opportunity!",excitement
"You shocked me with that announcement!",surprise
"You shocked me with that announcement!",surprise
"I'm feeling really happy today!",joy
"Everyone must think I'm a failure.",shame
"I don't feel safe.",fear
"What’s the point in trying?",pessimism
"I’ve stopped believing things can improve.",hopelessness
"I feel like crying all the time.",sadness
"Wow, I didn’t see that coming!",surprise
"I did a great job today!",pride
"Nothing seems to matter anymore.",sadness
"I’ve lost all hope.",despair
"I’m proud of my accomplishments.",pride
"Nothing is bothering me today.",calm
"I wish I could go back in time.",nostalgia
"I’m thrilled about this opportunity!",excitement
"Why do people always take advantage of me?",anger
"I always expect the worst.",pessimism
"Everyone must think I'm a failure.",shame
"I have nothing to do.",boredom
"I’ve stopped believing things can improve.",hopelessness
"I’m proud of my accomplishments.",pride
"I don't understand what's going on.",confusion
"Everyone must think I'm a failure.",shame
"I'm grateful for everything I have.",joy
"I feel so embarrassed about it.",shame
"I'm just going through the motions.",neutral
"My heart is full of affection.",love
"I'm so lost in my thoughts.",confusion
"It feels like everything is falling apart.",despair
"Nothing will ever change.",hopelessness
"My heart races every time I think about it.",fear
"I appreciate everything you've done.",gratitude
"It made me sick to my stomach.",disgust
"I don’t see a way out of this.",despair
"Everything is just too much right now.",overwhelm
"I'm so angry I could scream.",anger
"I'm feeling really happy today!",joy
"I'm so angry I could scream.",anger
"Why do people always take advantage of me?",anger
"I should have done things differently.",guilt
"My heart races every time I think about it.",fear
"Nothing seems to matter anymore.",sadness
"I don’t see a way out of this.",despair
"Why do people always take advantage of me?",anger
"I'm so angry I could scream.",anger
"It's just another ordinary day.",neutral
"Nothing excites me anymore.",boredom
"I’m proud of my accomplishments.",pride
"Everyone must think I'm a failure.",shame
"Hope feels like a distant memory.",hopelessness
"There's too much on my plate.",overwhelm
"I feel so guilty all the time.",guilt
"My mind is racing with fear.",anxiety
"I’m so bored I could sleep all day.",boredom
"No one can take this away from me.",pride
"Good things are coming my way.",optimism
"What if everything goes wrong?",anxiety
"Nothing seems to matter anymore.",sadness
"This moment is so serene.",calm
"There's too much on my plate.",overwhelm
"I'm so angry I could scream.",anger
"Everyone must think I'm a failure.",shame
"What’s the point in trying?",pessimism
"You shocked me with that announcement!",surprise
"This is the best news I've heard all week.",joy
"It's just another ordinary day.",neutral
"I can't stop worrying about everything.",anxiety
"I don't feel safe.",fear
"There’s always a silver lining.",optimism
"Why do people always take advantage of me?",anger
"My heart is full of affection.",love
"I’m thrilled about this opportunity!",excitement
"I’m proud of my accomplishments.",pride
"I miss those old summer days.",nostalgia
"Everything is just too much right now.",overwhelm
"I feel so embarrassed about it.",shame
"I have nothing to do.",boredom
"Everyone must think I'm a failure.",shame
"I’ve stopped believing things can improve.",hopelessness
"I don't feel safe.",fear
"Everything is just too much right now.",overwhelm
"It made me sick to my stomach.",disgust
"I can't stop worrying about everything.",anxiety
"I appreciate everything you've done.",gratitude
"I have nothing to do.",boredom
"No one really understands me.",loneliness
"I'm just going through the motions.",neutral
"I don't understand what's going on.",confusion
"I don’t see a way out of this.",despair
"I’m thrilled about this opportunity!",excitement
"Hope feels like a distant memory.",hopelessness
"Everything is just too much right now.",overwhelm
"What’s the point in trying?",pessimism
"My mind is racing with fear.",anxiety
"My mind is racing with fear.",anxiety
"I'm just going through the motions.",neutral
"This is the best news I've heard all week.",joy
"I’m so bored I could sleep all day.",boredom
"Nothing excites me anymore.",boredom
"It’s been days since I talked to someone.",loneliness
"I have nothing to do.",boredom
"I don’t see a way out of this.",despair
"My heart is full of affection.",love
"Everyone must think I'm a failure.",shame
"I'm feeling really happy today!",joy
"Nothing seems to matter anymore.",sadness
"I can’t wait for the weekend!",excitement
"I’m proud of my accomplishments.",pride
"I’m so bored I could sleep all day.",boredom
"I'm feeling really happy today!",joy
"I miss those old summer days.",nostalgia
"I’m scared of what might happen next.",fear
"I can’t believe people enjoy that.",disgust
"I always expect the worst.",pessimism
"Good things are coming my way.",optimism
"My heart is full of affection.",love
"I'm grateful for everything I have.",joy
"Nothing is bothering me today.",calm
"I don't understand what's going on.",confusion
"No one really understands me.",loneliness
"No one can take this away from me.",pride
"I'm so thankful for my family.",gratitude
"I feel so embarrassed about it.",shame
"Nothing is bothering me today.",calm
"I’m scared of what might happen next.",fear
"Hope feels like a distant memory.",hopelessness
"I’m thrilled about this opportunity!",excitement
"I feel like crying all the time.",sadness
"I wish I could go back in time.",nostalgia
"Nothing is bothering me today.",calm
"What if everything goes wrong?",anxiety               
